item_id,brand,category_name,price
1001588,meizu,electronics.smartphone,127.87
1002101,samsung,electronics.smartphone,370.64
1002482,meizu,electronics.smartphone,127.87
1002524,apple,electronics.smartphone,531.26
1002528,apple,electronics.smartphone,617.52
1002532,apple,electronics.smartphone,532.57
1002536,apple,electronics.smartphone,566.04
1002542,apple,electronics.smartphone,486.80
1002544,apple,electronics.smartphone,458.28
1002547,apple,electronics.smartphone,465.91
1002629,apple,electronics.smartphone,358.31
1002633,apple,electronics.smartphone,358.31
1002876,samsung,electronics.smartphone,218.80
1002881,xiaomi,electronics.smartphone,253.88
1002974,huawei,electronics.smartphone,149.30
1003221,nokia,electronics.smartphone,128.43
1003304,apple,electronics.smartphone,591.25
1003305,apple,electronics.smartphone,599.23
1003306,apple,electronics.smartphone,577.89
1003312,apple,electronics.smartphone,717.63
1003315,apple,electronics.smartphone,955.26
1003316,apple,electronics.smartphone,928.38
1003317,apple,electronics.smartphone,928.18
1003318,apple,electronics.smartphone,1052.77
1003339,xiaomi,electronics.smartphone,202.40
1003363,apple,electronics.smartphone,563.46
1003441,nokia,electronics.smartphone,406.67
1003461,xiaomi,electronics.smartphone,489.07
1003499,oneplus,electronics.smartphone,461.61
1003523,zte,electronics.smartphone,136.43
1003535,samsung,electronics.smartphone,460.50
1003549,samsung,electronics.smartphone,411.59
1003709,samsung,electronics.smartphone,563.70
1003712,samsung,electronics.smartphone,720.22
1003726,sony,electronics.smartphone,128.39
1003747,sony,electronics.smartphone,282.81
1003768,huawei,electronics.smartphone,485.54
1003772,huawei,electronics.smartphone,257.12
1003811,honor,electronics.smartphone,142.86
1003855,xiaomi,electronics.smartphone,127.61
1003869,xiaomi,electronics.smartphone,167.02
1003879,huawei,electronics.smartphone,540.27
1003883,xiaomi,electronics.smartphone,169.63
1003898,oneplus,electronics.smartphone,540.30
1003906,huawei,electronics.smartphone,149.52
1003907,huawei,electronics.smartphone,151.87
1003910,nokia,electronics.smartphone,118.10
1003934,lg,electronics.smartphone,344.90
1004019,xiaomi,electronics.smartphone,118.02
1004026,xiaomi,electronics.smartphone,140.82
1004035,nokia,electronics.smartphone,128.42
1004038,xiaomi,electronics.smartphone,154.26
1004042,xiaomi,electronics.smartphone,138.74
1004060,xiaomi,electronics.smartphone,320.42
1004104,bq,electronics.smartphone,172.79
1004121,meizu,electronics.smartphone,257.15
1004129,xiaomi,electronics.smartphone,149.30
1004136,xiaomi,electronics.smartphone,143.89
1004140,xiaomi,electronics.smartphone,117.87
1004143,xiaomi,electronics.smartphone,138.74
1004147,xiaomi,electronics.smartphone,92.64
1004149,xiaomi,electronics.smartphone,328.79
1004156,xiaomi,electronics.smartphone,149.30
1004158,samsung,electronics.smartphone,733.61
1004159,samsung,electronics.smartphone,1253.09
1004166,xiaomi,electronics.smartphone,153.49
1004169,nokia,electronics.smartphone,290.11
1004174,tp-link,electronics.smartphone,97.55
1004184,xiaomi,electronics.smartphone,463.15
1004210,samsung,electronics.smartphone,88.24
1004219,xiaomi,electronics.smartphone,385.85
1004224,xiaomi,electronics.smartphone,435.02
1004226,apple,electronics.smartphone,991.40
1004235,apple,electronics.smartphone,1177.61
1004237,apple,electronics.smartphone,1091.33
1004241,apple,electronics.smartphone,1173.60
1004243,apple,electronics.smartphone,743.04
1004246,apple,electronics.smartphone,749.67
1004249,apple,electronics.smartphone,722.40
1004250,apple,electronics.smartphone,787.50
1004258,apple,electronics.smartphone,732.07
1004307,honor,electronics.smartphone,308.63
1004317,meizu,electronics.smartphone,159.26
1004320,xiaomi,electronics.smartphone,256.73
1004321,huawei,electronics.smartphone,321.50
1004322,huawei,electronics.smartphone,334.37
1004347,meizu,electronics.smartphone,123.53
1004361,apple,electronics.smartphone,1155.73
1004386,oppo,electronics.smartphone,776.08
1004402,xiaomi,electronics.smartphone,178.90
1004404,xiaomi,electronics.smartphone,176.31
1004405,xiaomi,electronics.smartphone,176.32
1004433,samsung,electronics.smartphone,313.78
1004434,samsung,electronics.smartphone,313.78
1004436,samsung,electronics.smartphone,190.46
1004449,xiaomi,electronics.smartphone,218.49
1004450,xiaomi,electronics.smartphone,218.72
1004462,huawei,electronics.smartphone,91.61
1004475,blackberry,electronics.smartphone,308.63
1004503,oppo,electronics.smartphone,514.56
1004505,xiaomi,electronics.smartphone,553.17
1004529,samsung,electronics.smartphone,396.15
1004536,huawei,electronics.smartphone,746.22
1004542,tp-link,electronics.smartphone,102.70
1004544,huawei,electronics.smartphone,488.79
1004562,meizu,electronics.smartphone,113.26
1004564,meizu,electronics.smartphone,128.45
1004565,huawei,electronics.smartphone,164.95
1004566,huawei,electronics.smartphone,164.84
1004574,samsung,electronics.smartphone,563.70
1004582,meizu,electronics.smartphone,128.45
1004604,bq,electronics.smartphone,140.26
1004617,xiaomi,electronics.smartphone,499.37
1004648,samsung,electronics.smartphone,589.20
1004659,samsung,electronics.smartphone,717.39
1004661,samsung,electronics.smartphone,884.92
1004662,samsung,electronics.smartphone,1158.05
1004665,samsung,electronics.smartphone,782.22
1004666,samsung,electronics.smartphone,1156.79
1004669,xiaomi,electronics.smartphone,74.39
1004708,huawei,electronics.smartphone,151.99
1004720,huawei,electronics.smartphone,125.61
1004727,sony,electronics.smartphone,179.67
1004730,sony,electronics.smartphone,296.02
1004738,sony,electronics.smartphone,463.05
1004739,xiaomi,electronics.smartphone,203.09
1004740,xiaomi,electronics.smartphone,218.51
1004741,xiaomi,electronics.smartphone,189.97
1004748,huawei,electronics.smartphone,127.33
1004749,samsung,electronics.smartphone,193.02
1004750,samsung,electronics.smartphone,195.06
1004766,samsung,electronics.smartphone,242.72
1004767,samsung,electronics.smartphone,242.63
1004768,samsung,electronics.smartphone,242.72
1004775,xiaomi,electronics.smartphone,183.27
1004776,xiaomi,electronics.smartphone,186.62
1004777,xiaomi,electronics.smartphone,135.01
1004779,xiaomi,electronics.smartphone,195.37
1004781,huawei,electronics.smartphone,254.71
1004785,huawei,electronics.smartphone,266.00
1004788,xiaomi,electronics.smartphone,138.71
1004791,xiaomi,electronics.smartphone,167.29
1004792,xiaomi,electronics.smartphone,478.26
1004794,xiaomi,electronics.smartphone,218.54
1004795,xiaomi,electronics.smartphone,218.54
1004797,xiaomi,electronics.smartphone,334.37
1004805,xiaomi,electronics.smartphone,167.29
1004806,xiaomi,electronics.smartphone,347.24
1004807,xiaomi,electronics.smartphone,334.37
1004808,xiaomi,electronics.smartphone,169.63
1004813,honor,electronics.smartphone,231.64
1004833,samsung,electronics.smartphone,172.23
1004834,samsung,electronics.smartphone,172.22
1004835,samsung,electronics.smartphone,223.95
1004836,samsung,electronics.smartphone,229.90
1004838,oppo,electronics.smartphone,178.87
1004839,oppo,electronics.smartphone,179.12
1004840,huawei,electronics.smartphone,946.73
1004848,huawei,electronics.smartphone,694.47
1004849,huawei,electronics.smartphone,946.73
1004856,samsung,electronics.smartphone,128.42
1004857,samsung,electronics.smartphone,128.42
1004863,samsung,electronics.smartphone,170.14
1004869,xiaomi,electronics.smartphone,419.32
1004870,samsung,electronics.smartphone,275.25
1004871,samsung,electronics.smartphone,273.56
1004872,samsung,electronics.smartphone,273.56
1004873,samsung,electronics.smartphone,362.29
1004874,samsung,electronics.smartphone,360.32
1004876,xiaomi,electronics.smartphone,82.11
1004877,xiaomi,electronics.smartphone,84.65
1004886,oppo,electronics.smartphone,128.68
1004887,oppo,electronics.smartphone,128.68
1004893,nokia,electronics.smartphone,89.24
1004897,huawei,electronics.smartphone,952.15
1004901,oppo,electronics.smartphone,501.69
1004902,oppo,electronics.smartphone,591.91
1004903,huawei,electronics.smartphone,108.98
1004904,huawei,electronics.smartphone,106.54
1004909,sony,electronics.smartphone,1029.29
1004910,sony,electronics.smartphone,1029.32
1004920,apple,electronics.smartphone,952.15
1004935,vivo,electronics.smartphone,167.29
1004944,samsung,electronics.smartphone,771.76
1004948,oneplus,electronics.smartphone,746.04
1004955,nokia,electronics.smartphone,152.79
1004956,xiaomi,electronics.smartphone,382.57
1004958,xiaomi,electronics.smartphone,330.63
1004961,oppo,electronics.smartphone,166.41
1004965,oppo,electronics.smartphone,900.87
1004966,oppo,electronics.smartphone,257.15
1004975,samsung,electronics.smartphone,771.94
1004990,oppo,electronics.smartphone,257.38
1004993,oneplus,electronics.smartphone,540.30
1005002,huawei,electronics.smartphone,244.51
1005003,huawei,electronics.smartphone,230.93
1005004,huawei,electronics.smartphone,231.16
1005006,xiaomi,electronics.smartphone,85.88
1005007,xiaomi,electronics.smartphone,94.70
1005008,xiaomi,electronics.smartphone,94.46
1005009,xiaomi,electronics.smartphone,85.97
1005014,samsung,electronics.smartphone,503.09
1005015,samsung,electronics.smartphone,548.95
1005016,samsung,electronics.smartphone,550.73
1005017,huawei,electronics.smartphone,91.32
1005020,nokia,electronics.smartphone,102.94
1005064,xiaomi,electronics.smartphone,182.50
1005065,xiaomi,electronics.smartphone,220.73
1005066,xiaomi,electronics.smartphone,220.78
1005069,vivo,electronics.smartphone,308.86
1005070,vivo,electronics.smartphone,308.86
1005072,samsung,electronics.smartphone,990.24
1005073,samsung,electronics.smartphone,1133.36
1005098,samsung,electronics.smartphone,139.64
1005099,samsung,electronics.smartphone,139.64
1005100,samsung,electronics.smartphone,139.68
1005101,xiaomi,electronics.smartphone,431.40
1005102,xiaomi,electronics.smartphone,431.31
1005103,xiaomi,electronics.smartphone,95.39
1005104,apple,electronics.smartphone,977.30
1005105,apple,electronics.smartphone,1348.61
1005106,apple,electronics.smartphone,1453.00
1005107,apple,electronics.smartphone,1027.44
1005109,apple,electronics.smartphone,1003.62
1005112,apple,electronics.smartphone,1003.63
1005115,apple,electronics.smartphone,949.47
1005116,apple,electronics.smartphone,1013.86
1005117,apple,electronics.smartphone,1182.37
1005118,apple,electronics.smartphone,976.82
1005119,apple,electronics.smartphone,1027.44
1005121,apple,electronics.smartphone,973.41
1005122,apple,electronics.smartphone,1027.59
1005123,apple,electronics.smartphone,1189.19
1005124,apple,electronics.smartphone,1583.48
1005126,apple,electronics.smartphone,1364.00
1005129,apple,electronics.smartphone,1337.23
1005135,apple,electronics.smartphone,1665.36
1005136,apple,electronics.smartphone,2011.63
1005140,apple,electronics.smartphone,1455.57
1005141,apple,electronics.smartphone,1629.04
1005144,apple,electronics.smartphone,1661.09
1005152,xiaomi,electronics.smartphone,406.18
1005156,xiaomi,electronics.smartphone,321.76
1005157,xiaomi,electronics.smartphone,269.78
1005158,xiaomi,electronics.smartphone,306.31
1005159,xiaomi,electronics.smartphone,212.10
1005160,xiaomi,electronics.smartphone,212.08
1005161,xiaomi,electronics.smartphone,211.92
1005162,xiaomi,electronics.smartphone,281.71
1005168,samsung,electronics.smartphone,213.94
1005171,samsung,electronics.smartphone,216.18
1005173,samsung,electronics.smartphone,643.23
1005174,samsung,electronics.smartphone,643.23
1005175,samsung,electronics.smartphone,643.23
1005177,samsung,electronics.smartphone,900.64
1005178,samsung,electronics.smartphone,900.64
1005180,samsung,electronics.smartphone,1158.05
1005181,samsung,electronics.smartphone,1029.34
1005182,samsung,electronics.smartphone,1029.34
1005183,samsung,electronics.smartphone,1029.34
1005185,samsung,electronics.smartphone,771.94
1005186,samsung,electronics.smartphone,771.94
1005191,vivo,electronics.smartphone,205.90
1005192,meizu,electronics.smartphone,205.67
1005193,meizu,electronics.smartphone,241.71
1005195,xiaomi,electronics.smartphone,111.56
1005197,htc,electronics.smartphone,102.94
1005203,xiaomi,electronics.smartphone,111.62
1005204,xiaomi,electronics.smartphone,150.97
1005205,oppo,electronics.smartphone,256.74
1005211,samsung,electronics.smartphone,193.26
1005212,samsung,electronics.smartphone,193.22
1005213,honor,electronics.smartphone,849.42
1005215,samsung,electronics.smartphone,1544.42
1005217,xiaomi,electronics.smartphone,151.07
1005221,xiaomi,electronics.smartphone,282.88
1005223,xiaomi,electronics.smartphone,223.17
1005225,samsung,electronics.smartphone,193.29
1005228,honor,electronics.smartphone,283.12
1005229,honor,electronics.smartphone,283.12
1005234,xiaomi,electronics.smartphone,398.72
1005235,oppo,electronics.smartphone,463.28
1005238,oppo,electronics.smartphone,308.45
1005239,xiaomi,electronics.smartphone,280.57
1005243,vivo,electronics.smartphone,463.31
1005244,vivo,electronics.smartphone,463.31
1005246,nokia,electronics.smartphone,321.73
1005253,xiaomi,electronics.smartphone,308.44
1005256,xiaomi,electronics.smartphone,142.84
1005263,oppo,electronics.smartphone,772.19
1005264,xiaomi,electronics.smartphone,198.18
1005265,xiaomi,electronics.smartphone,203.27
1005266,xiaomi,electronics.smartphone,137.18
1005271,sony,electronics.smartphone,952.15
1005272,nokia,electronics.smartphone,107.57
1005273,huawei,electronics.smartphone,154.16
1005277,blackberry,electronics.smartphone,411.59
1200957,samsung,electronics.tablet,110.36
1201202,lenovo,electronics.tablet,230.38
1201362,acer,electronics.tablet,178.90
1201391,apple,electronics.tablet,1518.44
1201421,lenovo,electronics.tablet,128.42
1201465,samsung,electronics.tablet,234.60
1201472,samsung,electronics.tablet,462.82
1201486,irbis,electronics.tablet,88.63
1303355,hp,computers.notebook,432.42
1304315,apple,computers.notebook,2311.49
1304409,apple,computers.notebook,1402.87
1305316,dell,computers.notebook,556.26
1305566,hp,computers.notebook,264.87
1305578,dell,computers.notebook,797.70
1305977,apple,computers.notebook,2496.59
1306133,xiaomi,computers.notebook,1145.20
1306185,acer,computers.notebook,360.34
1306250,hp,computers.notebook,1029.37
1306339,hp,computers.notebook,514.79
1306359,acer,computers.notebook,630.39
1306421,hp,computers.notebook,514.56
1306423,hp,computers.notebook,849.19
1306445,hp,computers.notebook,949.81
1306462,lenovo,computers.notebook,1029.37
1306521,asus,computers.notebook,1672.89
1306538,asus,computers.notebook,1286.78
1306544,lenovo,computers.notebook,1029.37
1306571,acer,computers.notebook,2312.80
1306650,acer,computers.notebook,437.57
1306752,lenovo,computers.notebook,741.31
1306839,asus,computers.notebook,545.68
1306894,hp,computers.notebook,360.09
1306895,hp,computers.notebook,411.34
1306933,hp,computers.notebook,793.10
1307012,apple,computers.notebook,2342.15
1307050,apple,computers.notebook,1570.17
1307056,apple,computers.notebook,1338.50
1307065,hp,computers.notebook,406.68
1307073,acer,computers.notebook,682.09
1307074,acer,computers.notebook,751.27
1307076,asus,computers.notebook,669.23
1307095,lenovo,computers.notebook,385.85
1307115,hp,computers.notebook,411.59
1307136,acer,computers.notebook,511.98
1307183,lenovo,computers.notebook,450.44
1307187,acer,computers.notebook,888.03
1307255,lenovo,computers.notebook,514.79
1307263,hp,computers.notebook,774.02
1307310,acer,computers.notebook,283.09
1307315,hp,computers.notebook,491.39
1307318,hp,computers.notebook,923.83
1307322,hp,computers.notebook,390.98
1307323,hp,computers.notebook,1034.52
1307338,asus,computers.notebook,849.42
1307340,asus,computers.notebook,360.34
1307341,asus,computers.notebook,617.75
1307342,acer,computers.notebook,823.68
1307344,asus,computers.notebook,540.53
1307350,acer,computers.notebook,514.79
1307355,asus,computers.notebook,694.97
1307361,lenovo,computers.notebook,420.60
1307401,asus,computers.notebook,298.72
1307402,lenovo,computers.notebook,475.69
1307408,acer,computers.notebook,308.86
1307435,lenovo,computers.notebook,449.95
1307443,asus,computers.notebook,545.65
1307444,asus,computers.notebook,424.70
1307445,acer,computers.notebook,411.83
1307502,dell,computers.notebook,895.00
1307519,acer,computers.notebook,1209.55
1307521,lenovo,computers.notebook,965.25
1307524,asus,computers.notebook,746.22
1307539,asus,computers.notebook,476.18
1307540,asus,computers.notebook,903.73
1307541,asus,computers.notebook,492.93
1401582,avalon,computers.desktop,797.70
1401872,netechnics,computers.desktop,630.62
1480149,neo,computers.desktop,746.22
1480150,neo,computers.desktop,797.70
1480163,acer,computers.desktop,617.75
1480221,dell,computers.desktop,2033.26
1480327,neo,computers.desktop,705.04
1480372,lenovo,computers.desktop,1793.36
1480433,smart,computers.desktop,422.02
1480477,apple,computers.desktop,1029.37
1480478,apple,computers.desktop,1415.48
1480494,acer,computers.desktop,874.93
1480499,apple,computers.desktop,2393.63
1480556,netechnics,computers.desktop,669.23
1480557,netechnics,computers.desktop,772.19
1480595,pulser,computers.desktop,648.64
1480707,pulser,computers.desktop,525.08
1480726,pulser,computers.desktop,1163.45
1480727,pulser,computers.desktop,1698.86
1480732,pulser,computers.desktop,658.94
1480740,pulser,computers.desktop,1431.16
1480743,pulser,computers.desktop,1284.43
1480744,pulser,computers.desktop,705.27
1480749,pulser,computers.desktop,810.81
1480758,pulser,computers.desktop,1039.90
1500208,xerox,computers.peripherals.printer,101.16
1500259,epson,computers.peripherals.printer,148.78
1500301,hp,computers.peripherals.printer,211.85
1500439,hp,computers.peripherals.printer,88.41
1500440,epson,computers.peripherals.printer,174.73
1500447,hp,computers.peripherals.printer,136.17
1500462,hp,computers.peripherals.printer,95.66
1500485,lexmark,computers.peripherals.printer,69.50
1600282,hp,computers.peripherals.printer,38.35
1600469,hp,computers.peripherals.printer,215.95
1600548,hp,computers.peripherals.printer,136.12
1600554,hp,computers.peripherals.printer,102.71
1600557,canon,computers.peripherals.printer,151.14
1600587,epson,computers.peripherals.printer,203.84
1700215,samsung,computers.peripherals.monitor,128.68
1700906,philips,computers.peripherals.monitor,190.43
1701219,lg,computers.peripherals.monitor,128.43
1701387,acer,computers.peripherals.monitor,113.00
1701474,acer,computers.peripherals.monitor,227.03
1701487,aoc,computers.peripherals.monitor,139.22
1800729,samsung,electronics.video.tv,289.33
1800930,sony,electronics.video.tv,329.22
1800931,sony,electronics.video.tv,384.74
1800944,sony,electronics.video.tv,539.78
1801343,toshiba,electronics.video.tv,370.67
1801382,toshiba,electronics.video.tv,539.50
1801513,haier,electronics.video.tv,514.79
1801530,lg,electronics.video.tv,1106.82
1801537,haier,electronics.video.tv,395.81
1801540,lg,electronics.video.tv,746.22
1801542,lg,electronics.video.tv,499.34
1801573,sony,electronics.video.tv,926.41
1801581,yasin,electronics.video.tv,374.36
1801592,sony,electronics.video.tv,514.22
1801631,artel,electronics.video.tv,334.11
1801690,samsung,electronics.video.tv,369.45
1801698,hisense,electronics.video.tv,488.82
1801706,sony,electronics.video.tv,771.96
1801712,lg,electronics.video.tv,382.25
1801723,tcl,electronics.video.tv,135.34
1801739,samsung,electronics.video.tv,282.03
1801766,artel,electronics.video.tv,146.85
1801773,changhong,electronics.video.tv,239.13
1801784,lg,electronics.video.tv,519.70
1801805,artel,electronics.video.tv,228.76
1801815,irbis,electronics.video.tv,136.40
1801849,samsung,electronics.video.tv,617.44
1801858,tcl,electronics.video.tv,217.51
1801873,kivi,electronics.video.tv,411.05
1801874,kivi,electronics.video.tv,535.15
1801881,samsung,electronics.video.tv,488.80
1801882,samsung,electronics.video.tv,437.25
1801884,shivaki,electronics.video.tv,270.02
1801887,horizont,electronics.video.tv,489.05
1801892,yasin,electronics.video.tv,115.75
1801904,samsung,electronics.video.tv,475.91
1801905,samsung,electronics.video.tv,1029.37
1801909,samsung,electronics.video.tv,771.96
1801955,sony,electronics.video.tv,1027.03
1801964,sony,electronics.video.tv,848.13
1801967,lg,electronics.video.tv,501.92
1802003,ergo,electronics.video.tv,512.24
1802004,yasin,electronics.video.tv,244.22
1802005,lg,electronics.video.tv,437.15
1802014,lg,electronics.video.tv,823.44
1802020,xiaomi,electronics.video.tv,823.44
1802037,lg,electronics.video.tv,298.31
1802045,lg,electronics.video.tv,1923.45
1802061,lg,electronics.video.tv,432.47
1802099,blaupunkt,electronics.video.tv,514.79
1802101,arg,electronics.video.tv,167.31
1802104,arg,electronics.video.tv,347.49
1802108,blaupunkt,electronics.video.tv,283.12
1802109,blaupunkt,electronics.video.tv,514.79
1802115,samsung,electronics.video.tv,1415.45
2200906,canon,,306.15
2200937,canon,,1106.82
2200958,canon,,280.05
2201036,canon,,308.86
2201037,canon,,437.29
2201094,nikon,,403.87
2201096,nikon,,854.01
2240125,canon,,411.83
2300214,,electronics.camera.video,386.08
2300295,gopro,electronics.camera.video,231.41
2400648,turbo,appliances.kitchen.hood,51.46
2401252,hansa,appliances.kitchen.hood,51.22
2401540,midea,appliances.kitchen.hood,167.29
2401742,midea,appliances.kitchen.hood,128.68
2500968,electrolux,appliances.kitchen.oven,466.14
2501143,artel,appliances.kitchen.oven,36.01
2501799,elenberg,appliances.kitchen.oven,45.84
2600333,,,115.32
2600534,gefest,,223.92
2601157,gefest,,353.62
2601260,dauscher,,428.74
2601340,hp,,30.86
2601364,gefest,,355.63
2601413,artel,,152.87
2601425,flama,,163.71
2601434,artel,,182.12
2601436,artel,,182.22
2601670,dauscher,,411.83
2601779,artel,,174.78
2601802,hansa,,411.59
2601810,artel,,153.74
2601816,gorenje,,592.01
2601855,gefest,,257.38
2601861,artel,,175.11
2601980,,,118.15
2602014,bosch,,630.39
2602038,bosch,,411.83
2602262,arg,,283.12
2700199,lg,appliances.kitchen.refrigerators,1907.49
2700239,atlant,appliances.kitchen.refrigerators,283.12
2700283,pozis,appliances.kitchen.refrigerators,288.19
2700323,atlant,appliances.kitchen.refrigerators,282.89
2700438,indesit,appliances.kitchen.refrigerators,223.92
2700588,indesit,appliances.kitchen.refrigerators,276.01
2700598,indesit,appliances.kitchen.refrigerators,314.08
2700611,indesit,appliances.kitchen.refrigerators,319.65
2700616,indesit,appliances.kitchen.refrigerators,302.40
2700618,indesit,appliances.kitchen.refrigerators,350.00
2700984,samsung,appliances.kitchen.refrigerators,537.21
2701116,samsung,appliances.kitchen.refrigerators,1029.60
2701286,samsung,appliances.kitchen.refrigerators,630.44
2701305,samsung,appliances.kitchen.refrigerators,499.94
2701306,samsung,appliances.kitchen.refrigerators,514.78
2701391,lg,appliances.kitchen.refrigerators,1292.02
2701419,,appliances.kitchen.refrigerators,166.23
2701422,haier,appliances.kitchen.refrigerators,604.88
2701517,,appliances.kitchen.refrigerators,155.11
2701587,haier,appliances.kitchen.refrigerators,540.53
2701646,indesit,appliances.kitchen.refrigerators,268.49
2701657,beko,appliances.kitchen.refrigerators,238.30
2701658,indesit,appliances.kitchen.refrigerators,272.80
2701659,bosch,appliances.kitchen.refrigerators,450.44
2701703,bosch,appliances.kitchen.refrigerators,554.37
2701704,bosch,appliances.kitchen.refrigerators,493.96
2701706,samsung,appliances.kitchen.refrigerators,745.97
2701727,beko,appliances.kitchen.refrigerators,293.56
2701737,,appliances.kitchen.refrigerators,228.47
2701779,samsung,appliances.kitchen.refrigerators,1518.67
2701809,bosch,appliances.kitchen.refrigerators,533.45
2701968,,appliances.kitchen.refrigerators,194.88
2702023,whirlpool,appliances.kitchen.refrigerators,505.80
2702050,lg,appliances.kitchen.refrigerators,488.81
2702095,,appliances.kitchen.refrigerators,239.78
2702163,hotpoint-ariston,appliances.kitchen.refrigerators,552.11
2702277,lg,appliances.kitchen.refrigerators,463.07
2702279,lg,appliances.kitchen.refrigerators,691.11
2702331,lg,appliances.kitchen.refrigerators,527.43
2702332,lg,appliances.kitchen.refrigerators,514.56
2702406,,appliances.kitchen.refrigerators,1116.12
2702469,samsung,appliances.kitchen.refrigerators,1698.86
2702470,samsung,appliances.kitchen.refrigerators,1724.60
2702522,dauscher,appliances.kitchen.refrigerators,180.16
2702526,dauscher,appliances.kitchen.refrigerators,90.07
2702590,dauscher,appliances.kitchen.refrigerators,195.60
2702608,haier,appliances.kitchen.refrigerators,1029.60
2702611,arg,appliances.kitchen.refrigerators,128.68
2702616,haier,appliances.kitchen.refrigerators,514.79
2800395,atlant,appliances.kitchen.refrigerators,282.88
2800505,,appliances.kitchen.refrigerators,203.29
2800594,indesit,appliances.kitchen.refrigerators,298.60
2900569,lg,appliances.kitchen.microwave,90.17
2900816,midea,appliances.kitchen.microwave,167.11
2900954,arg,appliances.kitchen.microwave,56.60
2900958,arg,appliances.kitchen.microwave,56.60
3100267,vitek,appliances.kitchen.blender,39.28
3100640,redmond,appliances.kitchen.blender,51.22
3100662,redmond,appliances.kitchen.blender,70.24
3200378,elenberg,appliances.kitchen.meat_grinder,38.59
3200388,moulinex,appliances.kitchen.meat_grinder,141.55
3200549,dauscher,appliances.kitchen.meat_grinder,30.86
3300010,redmond,,102.91
3300115,tefal,,110.66
3300197,polaris,,108.65
3300274,redmond,,80.67
3300315,redmond,,92.61
3300319,redmond,,88.01
3500009,bosch,,290.10
3600163,indesit,appliances.kitchen.washer,177.27
3600182,midea,appliances.kitchen.washer,121.71
3600231,midea,appliances.kitchen.washer,102.42
3600253,midea,appliances.kitchen.washer,99.07
3600263,midea,appliances.kitchen.washer,114.52
3600452,indesit,appliances.kitchen.washer,205.67
3600591,artel,appliances.kitchen.washer,93.51
3600661,samsung,appliances.kitchen.washer,306.05
3600666,samsung,appliances.kitchen.washer,321.73
3600700,hotpoint-ariston,appliances.kitchen.washer,307.58
3600895,indesit,appliances.kitchen.washer,244.28
3601124,haier,appliances.kitchen.washer,308.86
3601195,beko,appliances.kitchen.washer,235.85
3601212,lg,appliances.kitchen.washer,406.44
3601244,lg,appliances.kitchen.washer,367.81
3601250,samsung,appliances.kitchen.washer,344.66
3601290,indesit,appliances.kitchen.washer,210.79
3601343,samsung,appliances.kitchen.washer,437.33
3601405,beko,appliances.kitchen.washer,180.16
3601406,beko,appliances.kitchen.washer,215.75
3601423,candy,appliances.kitchen.washer,235.65
3601425,beko,appliances.kitchen.washer,233.33
3601437,lg,appliances.kitchen.washer,390.35
3601438,beko,appliances.kitchen.washer,210.73
3601448,lg,appliances.kitchen.washer,463.07
3601485,lg,appliances.kitchen.washer,308.63
3601489,samsung,appliances.kitchen.washer,476.17
3601522,lg,appliances.kitchen.washer,299.83
3601524,samsung,appliances.kitchen.washer,398.95
3601527,samsung,appliances.kitchen.washer,383.28
3601530,lg,appliances.kitchen.washer,712.87
3601537,samsung,appliances.kitchen.washer,386.08
3700127,lg,appliances.environment.vacuum,188.14
3700392,thomas,appliances.environment.vacuum,247.08
3700551,arnica,appliances.environment.vacuum,66.24
3700566,thomas,appliances.environment.vacuum,375.79
3700580,thomas,appliances.environment.vacuum,334.39
3700621,vitek,appliances.environment.vacuum,112.46
3700704,bosch,appliances.environment.vacuum,257.38
3700746,arnica,appliances.environment.vacuum,59.15
3700769,samsung,appliances.environment.vacuum,123.53
3700777,samsung,appliances.environment.vacuum,172.20
3700837,arnica,appliances.environment.vacuum,225.83
3700926,samsung,appliances.environment.vacuum,64.02
3701000,samsung,appliances.environment.vacuum,669.18
3701001,samsung,appliances.environment.vacuum,437.33
3701005,philips,appliances.environment.vacuum,308.86
3701016,tefal,appliances.environment.vacuum,108.09
3701084,xiaomi,appliances.environment.vacuum,432.81
3701088,bosch,appliances.environment.vacuum,105.02
3701134,bosch,appliances.environment.vacuum,105.51
3701141,tefal,appliances.environment.vacuum,282.89
3701153,arnica,appliances.environment.vacuum,192.80
3701244,elenberg,appliances.environment.vacuum,32.87
3701284,elenberg,appliances.environment.vacuum,25.71
3701358,karcher,appliances.environment.vacuum,270.28
3701455,samsung,appliances.environment.vacuum,205.90
3800632,maxwell,appliances.iron,12.79
3800650,braun,appliances.iron,321.73
3800653,bosch,appliances.iron,118.15
3800751,redmond,appliances.iron,28.29
3800979,tefal,appliances.iron,56.60
3900003,ariston,appliances.environment.water_heater,112.13
3900339,aqua,appliances.environment.water_heater,30.86
3900776,artel,appliances.environment.water_heater,85.82
3900808,shivaki,appliances.environment.water_heater,86.49
3900821,aqua,appliances.environment.water_heater,30.61
3901090,oasis,appliances.environment.water_heater,25.48
3901174,oasis,appliances.environment.water_heater,32.66
4000170,tefal,construction.tools.generator,167.29
4100126,sony,,331.01
4100129,sony,,462.79
4100131,sony,,361.60
4100151,sony,,382.94
4100226,sony,,691.99
4100230,sony,,484.40
4100249,sony,,583.80
4100277,sony,,511.96
4100297,sony,,511.13
4100307,sony,,458.72
4100322,sony,,566.27
4100372,sony,,669.25
4201337,tcl,appliances.environment.air_conditioner,161.39
4300072,timberk,,43.73
4300149,polaris,,36.01
4300183,electrolux,,88.91
4300260,xiaomi,,231.64
4300262,vitek,,72.00
4300402,scarlett,,23.14
4400166,delonghi,appliances.kitchen.coffee_machine,162.14
4400226,delonghi,appliances.kitchen.coffee_machine,175.01
4400276,delonghi,appliances.kitchen.coffee_machine,617.75
4400392,smeg,appliances.kitchen.coffee_machine,2403.41
4400548,vitek,appliances.kitchen.coffee_machine,164.71
4501448,gefest,appliances.kitchen.hob,141.00
4600007,bosch,appliances.kitchen.dishwasher,523.80
4600355,gorenje,appliances.kitchen.dishwasher,498.64
4600445,bosch,appliances.kitchen.dishwasher,435.80
4600527,hansa,appliances.kitchen.dishwasher,334.55
4600541,beko,appliances.kitchen.dishwasher,298.16
4600603,bosch,appliances.kitchen.dishwasher,684.44
4600658,samsung,appliances.kitchen.dishwasher,411.83
4600667,samsung,appliances.kitchen.dishwasher,463.31
4700272,neoline,auto.accessories.videoregister,277.81
4700407,neoline,auto.accessories.videoregister,179.34
4700589,xiaomi,auto.accessories.videoregister,70.27
4700651,anytek,auto.accessories.videoregister,100.39
4800775,samsung,electronics.audio.headphone,12.10
4801028,xiaomi,electronics.audio.headphone,12.84
4801804,sony,electronics.audio.headphone,16.63
4802036,apple,electronics.audio.headphone,180.13
4802233,jbl,electronics.audio.headphone,43.73
4802273,samsung,electronics.audio.headphone,6.80
4802401,samsung,electronics.audio.headphone,43.43
4802606,sony,electronics.audio.headphone,59.18
4802930,elari,electronics.audio.headphone,55.00
4803186,harper,electronics.audio.headphone,25.71
4803585,huawei,electronics.audio.headphone,102.68
4803651,harper,electronics.audio.headphone,48.91
4803878,xiaomi,electronics.audio.headphone,51.46
4803879,xiaomi,electronics.audio.headphone,70.79
4803977,samsung,electronics.audio.headphone,107.45
4804055,apple,electronics.audio.headphone,188.94
4804056,apple,electronics.audio.headphone,160.57
4804137,huawei,electronics.audio.headphone,89.78
4804151,acme,electronics.audio.headphone,51.22
4804194,acme,electronics.audio.headphone,69.24
4804294,meizu,electronics.audio.headphone,71.82
4804295,xiaomi,electronics.audio.headphone,22.80
4804409,elari,electronics.audio.headphone,61.65
4804420,hp,electronics.audio.headphone,67.84
4804428,usams,electronics.audio.headphone,48.18
4804474,xiaomi,electronics.audio.headphone,95.50
4804572,apple,electronics.audio.headphone,208.50
4804592,apple,electronics.audio.headphone,257.38
4804660,xiaomi,electronics.audio.headphone,23.05
4804671,steelseries,electronics.audio.headphone,66.67
5000088,janome,appliances.sewing_machine,293.65
5000214,jaguar,appliances.sewing_machine,132.25
5000344,janome,appliances.sewing_machine,270.25
5000420,janome,appliances.sewing_machine,313.67
5000478,janome,appliances.sewing_machine,278.72
5000486,janome,appliances.sewing_machine,390.89
5000622,janome,appliances.sewing_machine,221.50
5000658,janome,appliances.sewing_machine,192.28
5000676,janome,appliances.sewing_machine,179.93
5000732,janome,appliances.sewing_machine,214.86
5100285,xiaomi,,102.70
5100337,apple,electronics.clocks,317.67
5100377,xiaomi,electronics.clocks,69.41
5100378,xiaomi,electronics.clocks,70.53
5100491,xiaomi,electronics.clocks,245.54
5100496,suunto,electronics.clocks,504.26
5100503,xiaomi,,22.68
5100533,wonlex,electronics.clocks,38.33
5100562,apple,electronics.clocks,298.60
5100563,samsung,electronics.clocks,257.79
5100564,samsung,electronics.clocks,257.87
5100566,apple,electronics.clocks,453.16
5100569,apple,electronics.clocks,551.85
5100572,apple,electronics.clocks,430.74
5100573,apple,electronics.clocks,450.20
5100574,apple,electronics.clocks,455.23
5100577,samsung,electronics.clocks,290.82
5100624,apple,electronics.clocks,540.30
5100626,apple,electronics.clocks,592.01
5100643,apple,electronics.clocks,727.28
5100718,samsung,electronics.clocks,153.41
5100719,samsung,electronics.clocks,151.61
5100728,aimoto,electronics.clocks,53.90
5100734,garmin,electronics.clocks,759.22
5100736,apple,electronics.clocks,592.01
5100737,samsung,electronics.clocks,205.67
5100744,apple,electronics.clocks,551.41
5100768,samsung,,29.86
5100771,xiaomi,,76.96
5100782,acme,,25.48
5100797,garmin,electronics.clocks,2239.44
5100816,xiaomi,,29.58
5100824,jet,,39.87
5100826,ritmix,,17.43
5100851,honor,,47.62
5100853,apple,electronics.clocks,529.69
5100854,apple,electronics.clocks,551.96
5100855,apple,electronics.clocks,552.14
5100856,apple,electronics.clocks,590.99
5100857,apple,electronics.clocks,554.96
5100860,samsung,electronics.clocks,411.83
5100861,samsung,electronics.clocks,411.83
5100863,samsung,electronics.clocks,360.34
5100875,samsung,electronics.clocks,281.30
5100876,samsung,electronics.clocks,386.08
5100878,samsung,electronics.clocks,365.30
5100898,apple,electronics.clocks,640.69
5300133,rowenta,,44.97
5300148,remington,,39.87
5300163,philips,,30.86
5300213,rowenta,,47.59
5300278,rowenta,,75.91
5300374,saturn,,9.24
5300510,babyliss,,64.33
5300948,babyliss,,72.05
5301011,philips,,54.03
5301165,gemei,,21.88
5301185,tv-shop,,17.76
5301297,remington,,23.91
5301606,babyliss,,74.62
5301640,rowenta,,83.63
5500002,panasonic,,40.13
5500030,panasonic,,111.28
5500084,panasonic,,38.59
5500184,philips,,41.16
5700352,pioneer,auto.accessories.player,229.09
5700580,pioneer,auto.accessories.player,56.63
5700662,,auto.accessories.player,180.18
5700663,,auto.accessories.player,303.74
5700756,pioneer,auto.accessories.player,64.35
5700850,alpine,auto.accessories.player,120.98
5701020,,auto.accessories.player,24.43
5701062,pioneer,auto.accessories.player,203.85
5701101,telefunken,auto.accessories.player,24.45
5701128,,auto.accessories.player,51.48
5701166,,auto.accessories.player,144.12
5701221,,auto.accessories.player,303.71
5701246,,auto.accessories.player,24.43
5701247,,auto.accessories.player,77.20
5701331,ams,auto.accessories.player,221.37
5800023,infinity,electronics.audio.subwoofer,87.52
5800116,hertz,electronics.audio.subwoofer,90.98
5800391,hertz,electronics.audio.subwoofer,87.57
5800506,avatar,electronics.audio.subwoofer,41.19
5800823,nakamichi,electronics.audio.subwoofer,123.56
5800860,phantom,electronics.audio.subwoofer,15.44
5800865,edge,electronics.audio.subwoofer,151.61
5800926,,electronics.audio.subwoofer,42.99
5800963,infinity,electronics.audio.subwoofer,87.52
5801217,kenwood,electronics.audio.subwoofer,72.07
5801218,,electronics.audio.subwoofer,46.31
5801230,pride,electronics.audio.subwoofer,128.70
5801482,pioneer,electronics.audio.subwoofer,51.22
5801483,pioneer,electronics.audio.subwoofer,58.69
5801499,phantom,electronics.audio.subwoofer,18.28
5801550,alphard,electronics.audio.subwoofer,38.61
5801656,element,electronics.audio.subwoofer,133.83
5900088,prestigio,,60.00
5900141,navitel,,97.79
6000004,starline,auto.accessories.alarm,139.77
6000014,starline,auto.accessories.alarm,257.41
6000032,cenmax,auto.accessories.alarm,69.44
6000047,starline,auto.accessories.alarm,109.66
6000094,starline,auto.accessories.alarm,121.24
6000157,starline,auto.accessories.alarm,91.12
6000163,tomahawk,auto.accessories.alarm,54.06
6000200,pandora,auto.accessories.alarm,267.96
6000208,pandora,auto.accessories.alarm,334.63
6000227,starline,auto.accessories.alarm,157.53
6000272,pandora,auto.accessories.alarm,153.67
6100160,ibox,auto.accessories.radar,73.82
6300882,kenwood,appliances.kitchen.kettle,82.34
6301239,bosch,appliances.kitchen.kettle,56.08
6400193,intel,computers.components.cpu,370.90
6400224,intel,computers.components.cpu,447.37
6400282,amd,computers.components.cpu,143.94
6400290,intel,computers.components.cpu,270.64
6400294,intel,computers.components.cpu,459.47
6400313,intel,computers.components.cpu,178.51
6400371,intel,computers.components.cpu,794.67
6400379,intel,computers.components.cpu,239.13
6500479,gigabyte,computers.components.motherboard,68.49
6500695,asus,computers.components.motherboard,248.66
6500862,asrock,computers.components.motherboard,54.57
6500895,gigabyte,computers.components.motherboard,50.61
6500912,asus,computers.components.motherboard,287.83
6500998,asrock,computers.components.motherboard,100.24
6501081,gigabyte,computers.components.motherboard,38.75
6600508,,computers.components.memory,88.28
6600981,hyperx,computers.components.memory,127.93
6700484,palit,computers.components.videocards,141.32
6700582,palit,computers.components.videocards,170.63
6700826,palit,computers.components.videocards,157.96
6700878,palit,computers.components.videocards,1245.59
6700985,palit,computers.components.videocards,334.31
6701043,powercolor,computers.components.videocards,187.65
6701107,msi,computers.components.videocards,447.77
6701134,asrock,computers.components.videocards,264.13
6701157,msi,computers.components.videocards,319.13
6701169,gainward,computers.components.videocards,321.31
6701181,asrock,computers.components.videocards,435.28
6701247,asus,computers.components.videocards,475.49
6800273,,computers.components.hdd,51.22
7001173,babyzen,kids.carriage,435.02
7001735,wingoffly,kids.carriage,112.92
7004045,chicco,kids.carriage,257.40
7004492,belecoo,kids.carriage,100.77
7004509,belecoo,kids.carriage,100.88
7005059,babytime,kids.carriage,59.38
7005750,,kids.carriage,78.51
7005751,,kids.carriage,77.17
7006453,belecoo,kids.carriage,167.31
7100133,,furniture.bedroom.bed,136.40
7100814,mibb,furniture.bedroom.bed,301.17
7101225,,furniture.bedroom.bed,151.84
7101454,,furniture.bedroom.bed,63.54
7101467,,furniture.bedroom.bed,41.16
7101819,lorelli,furniture.bedroom.bed,61.98
7101871,chicco,furniture.bedroom.bed,308.86
7200338,lego,,74.65
7203220,lego,,44.25
7600480,tp-link,,45.56
7900980,lorelli-bertoni,furniture.kitchen.chair,77.18
8000002,chicco,,149.27
8300356,,,38.87
8500094,bosch,,757.70
8500109,buderus,,742.59
8500140,navien,,576.08
8500467,riga,,384.65
8700159,remington,appliances.personal.hair_cutter,83.76
8800345,nokia,electronics.telephone,21.88
8800379,jinga,electronics.telephone,8.29
8800489,hiper,electronics.telephone,20.18
8800682,maxvi,electronics.telephone,35.78
8800685,texet,electronics.telephone,14.70
8800754,prestigio,electronics.telephone,8.37
8800939,maxvi,electronics.telephone,7.70
8801024,jinga,electronics.telephone,17.15
8801042,inoi,electronics.telephone,15.08
8801049,philips,electronics.telephone,48.62
8801100,nokia,electronics.telephone,94.66
9000196,janome,,212.36
9002778,disney,kids.toys,10.35
9200403,kingston,computers.peripherals.keyboard,79.33
9200640,defender,computers.peripherals.keyboard,16.41
9300040,lg,,312.31
9400088,brother,,238.10
9600059,fly,,1272.85
9700231,aerocool,computers.components.power_supply,25.10
9800316,,,33.53
9800411,thermaltake,,483.47
9900453,byintek,electronics.video.projector,118.62
10201063,,kids.dolls,90.09
10201170,llorens,kids.dolls,46.44
10201206,llorens,kids.dolls,38.59
10201213,llorens,kids.dolls,48.88
10201259,,kids.dolls,39.64
10201271,,kids.dolls,98.20
10201279,,kids.dolls,92.64
10201401,llorens,kids.dolls,69.47
10300150,silverlit,,6.92
10300166,welly,,6.00
10300253,bruder,,48.88
10300496,silverlit,,7.70
10300553,bruder,,63.35
10300835,silverlit,,7.18
10301046,welly,,6.00
10301390,bburago,,51.46
10301494,welly,,5.77
10301752,welly,,8.55
10600045,,,603.26
10600174,,,229.09
10600183,,,382.31
10600196,,,492.99
10600381,,,253.97
10600406,,,329.22
10600408,,,344.51
10600427,,,470.32
10600490,matrol,,47.11
10600515,,,271.31
10600521,,,361.40
10600542,matrol,,132.56
10600548,matrol,,81.86
10600550,matrol,,145.95
10600554,erbis,,21.11
10600557,matrol,,177.18
10700055,,,35.52
10700101,,,72.05
10700158,,,25.74
10700812,,,37.84
10700932,,,12.87
10700970,,,25.74
10701048,,,61.75
10701052,,,53.54
10701054,sony,,53.86
10701060,,,66.90
10800002,vitek,,23.14
10800076,redmond,,64.33
10800128,gorenje,,17.99
10800182,redmond,,61.10
10800217,redmond,,64.33
10900250,vitek,appliances.kitchen.mixer,59.13
10900305,elenberg,appliances.kitchen.mixer,25.71
10900306,elenberg,appliances.kitchen.mixer,12.84
10900348,kitfort,appliances.kitchen.mixer,118.10
11200321,scarlett,appliances.personal.scales,23.75
11400010,xiaomi,,10.27
11400268,xiaomi,,20.34
11400317,xiaomi,,13.84
11400388,hoco,,27.00
11400445,hoco,,25.71
11400618,svc,,15.42
11400666,samsung,,19.82
11400706,hp,,186.27
11400719,intro,,17.99
11500299,sven,,40.67
11500475,jbl,,32.95
11600140,microlab,computers.desktop,34.67
11700006,samsung,electronics.audio.acoustic,282.89
11700098,samson,electronics.audio.acoustic,939.54
11700219,alesis,electronics.audio.acoustic,233.77
11800010,,,3.86
11800031,remax,,14.58
12000021,caramelia,,25.71
12000028,caramelia,,30.86
12000324,caramelia,,48.65
12100513,maomaoku,kids.skates,335.02
12200204,matrix,sport.bicycle,257.15
12200738,giant,sport.bicycle,2393.63
12200839,matrix,sport.bicycle,257.15
12201091,scott,sport.bicycle,1405.44
12201157,cannondale,sport.bicycle,2187.70
12201162,cannondale,sport.bicycle,1750.11
12201347,phoenix,sport.bicycle,179.89
12201352,giant,sport.bicycle,2522.33
12201675,giant,sport.bicycle,530.00
12201731,giant,sport.bicycle,1688.33
12201772,author,sport.bicycle,463.07
12201912,cannondale,sport.bicycle,993.33
12201914,cannondale,sport.bicycle,993.33
12201979,cube,sport.bicycle,874.93
12202210,gt,sport.bicycle,643.26
12202342,axis,sport.bicycle,244.28
12202388,pinarello,sport.bicycle,2573.81
12202390,giant,sport.bicycle,2573.81
12300026,,construction.tools.drill,35.26
12300066,bosch,construction.tools.drill,122.14
12300231,dewalt,construction.tools.drill,150.95
12300261,dewalt,construction.tools.drill,114.65
12300332,kolner,construction.tools.drill,32.96
12300389,,construction.tools.drill,23.14
12300394,,construction.tools.drill,46.82
12300396,,construction.tools.drill,51.46
12300513,bosch,construction.tools.drill,39.50
12300702,hitachi,construction.tools.drill,120.21
12300909,p.i.t.,construction.tools.drill,35.08
12300928,dewalt,construction.tools.drill,98.51
12300961,,construction.tools.drill,23.81
12301268,crown,construction.tools.drill,22.39
12301287,hyundai,construction.tools.drill,30.12
12301355,crown,construction.tools.drill,35.14
12301394,dewalt,construction.tools.drill,226.83
12400121,alteco,construction.tools.drill,44.53
12500037,p.i.t.,,63.66
12500209,,,25.46
12500289,p.i.t.,,43.97
12500408,p.i.t.,,117.20
12500527,crown,,46.33
12500536,crown,,32.95
12600068,scarlett,appliances.kitchen.grill,34.45
12600077,vitek,appliances.kitchen.grill,41.16
12700050,matador,,85.72
12700433,yokohama,,140.29
12701231,sava,,41.96
12701282,triangle,,65.38
12701284,triangle,,95.24
12701289,triangle,,44.53
12701399,yokohama,,83.66
12701423,,,55.86
12701602,matador,,39.90
12701624,matador,,43.24
12701967,cordiant,,32.18
12702042,cordiant,,57.92
12702049,matador,,36.04
12702549,sailun,,115.83
12702597,continental,,108.75
12702778,sava,,39.64
12702872,bridgestone,,111.15
12702916,cordiant,,36.81
12702930,cordiant,,35.78
12702931,cordiant,,34.24
12702944,cordiant,,40.93
12702951,bridgestone,,59.46
12703014,cordiant,,39.38
12703015,cordiant,,42.99
12703017,cordiant,,43.50
12703106,maxxis,,102.58
12703125,bfgoodrich,,214.29
12703278,matador,,69.75
12703290,cordiant,,66.67
12703300,cordiant,,64.35
12703493,cordiant,,41.19
12703494,cordiant,,41.19
12703498,cordiant,,40.93
12703820,nexen,,65.77
12704350,viatti,,39.90
12704502,nokian,,62.78
12704658,nokian,,170.40
12704662,nokian,,133.44
12704750,nokian,,180.44
12704829,michelin,,128.19
12704916,cordiant,,57.92
12704981,yokohama,,186.49
12705001,cordiant,,41.96
12705003,cordiant,,40.93
12705044,tigar,,68.21
12705151,cordiant,,51.22
12705207,,,39.29
12705258,,,72.59
12705280,matador,,64.61
12705363,maxxis,,132.82
12705364,maxxis,,123.56
12705544,viatti,,59.59
12705928,bfgoodrich,,139.58
12705937,nexen,,66.93
12705975,yokohama,,97.81
12706259,nokian,,53.54
12706262,nokian,,45.23
12706558,tunga,,34.49
12706655,nokian,,45.82
12706811,nokian,,176.07
12707065,matador,,65.38
12707153,,,32.69
12707213,toyo,,61.78
12707254,,,39.64
12707959,bridgestone,,97.30
12708057,bfgoodrich,,113.26
12708306,,,30.43
12708470,tigar,,66.93
12708747,bridgestone,,56.04
12708893,pirelli,,128.70
12708937,michelin,,72.72
12708949,toyo,,124.84
12709380,viatti,,38.10
12709420,michelin,,209.79
12709556,viatti,,40.16
12709597,yokohama,,76.19
12709707,cordiant,,32.69
12709942,yokohama,,70.27
12709998,pirelli,,54.83
12710321,yokohama,,70.53
12710331,maxxis,,48.06
12710875,goodyear,,111.20
12710977,powertrac,,38.53
12711005,powertrac,,87.39
12711053,tunga,,32.69
12711088,tunga,,30.12
12711147,tunga,,30.12
12711367,nexen,,41.83
12711385,yokohama,,118.41
12711556,triangle,,45.05
12711601,triangle,,74.65
12711621,yokohama,,41.19
12711751,yokohama,,90.09
12711788,habilead,,61.78
12711986,triangle,,39.90
12712217,dunlop,,50.19
12712333,toyo,,90.09
12712514,,,35.96
12712611,,,29.09
12712619,triangle,,59.20
12712842,hankook,,68.73
12712914,hankook,,86.23
12713378,michelin,,386.11
12713435,tunga,,31.92
12713467,cordiant,,26.51
12714254,powertrac,,23.55
12714659,roadstone,,60.23
12714701,powertrac,,52.64
12714718,kormoran,,70.79
12715327,comforser,,23.17
12715385,comforser,,126.13
12716859,bfgoodrich,,348.14
12717010,tigar,,68.21
12717738,continental,,111.45
12718062,,,32.43
12718063,,,34.75
12718066,,,45.02
12718242,triangle,,56.89
12718447,,,50.45
12718469,roingto,,215.19
12718522,triangle,,65.64
12718832,,,28.44
12718894,continental,,89.58
12718921,nitto,,74.26
12718997,mazzini,,58.17
12719079,triangle,,54.06
12719154,yokohama,,88.81
12719236,michelin,,87.52
12719242,yokohama,,140.29
12719326,kapsen,,68.99
12719404,mirage,,41.96
12719416,roadcruza,,97.30
12719493,continental,,123.81
12719517,delmax,,69.08
12719892,nokian,,252.77
12719956,kapsen,,34.49
12720155,aoteli,,58.17
12720175,tunga,,26.26
12720187,roadx,,66.17
12720202,compasal,,30.12
12720378,roadx,,50.19
12720392,saferich,,74.65
12720512,goodride,,42.92
12720609,joyroad,,24.45
12720682,maxtrek,,76.96
12720782,yokohama,,153.16
13000049,x-game,,20.05
13100018,skad,,192.03
13100072,skad,,242.17
13100471,alcasta,,190.48
13100734,skad,,176.23
13100745,skad,,177.10
13100806,skad,,177.10
13100924,skad,,180.18
13101157,skad,,331.54
13101432,skad,,169.27
13101541,skad,,242.17
13101653,skad,,240.42
13101672,skad,,285.52
13102020,alutec,,579.56
13102283,arrivo,,91.12
13102388,kipardo,,381.99
13102925,,,529.23
13104602,kipardo,,409.28
13105144,skad,,180.18
13105146,skad,,192.03
13105269,,,366.55
13105362,skad,,190.48
13105408,skad,,360.37
13200011,sv,furniture.bedroom.bed,128.45
13200013,sv,furniture.bedroom.bed,141.32
13200019,sv,furniture.bedroom.bed,386.37
13200026,sv,furniture.bedroom.bed,100.36
13200042,,furniture.bedroom.bed,169.86
13200047,,furniture.bedroom.bed,231.64
13200070,,furniture.bedroom.bed,190.46
13200135,brw,furniture.bedroom.bed,145.69
13200275,brw,furniture.bedroom.bed,525.11
13200392,brw,furniture.bedroom.bed,525.11
13200405,brw,furniture.bedroom.bed,429.87
13200496,sv,furniture.bedroom.bed,257.15
13200534,,furniture.bedroom.bed,334.60
13200605,,furniture.bedroom.bed,566.30
13200667,bts,furniture.bedroom.bed,175.01
13200688,sv,furniture.bedroom.bed,214.68
13200702,bts,furniture.bedroom.bed,152.62
13200785,,furniture.bedroom.bed,640.17
13200811,,furniture.bedroom.bed,188.91
13200930,,furniture.bedroom.bed,316.10
13200941,sv,furniture.bedroom.bed,257.15
13200944,sv,furniture.bedroom.bed,282.89
13201002,stendmebel,furniture.bedroom.bed,176.04
13201018,,furniture.bedroom.bed,307.83
13201035,sv,furniture.bedroom.bed,687.02
13201085,,furniture.bedroom.bed,74.65
13201159,,furniture.bedroom.bed,193.78
13201262,,furniture.bedroom.bed,897.84
13201263,,furniture.bedroom.bed,753.69
13201267,,furniture.bedroom.bed,792.56
13201289,,furniture.bedroom.bed,261.01
13201327,kmk,furniture.bedroom.bed,216.20
13300001,vegas,,107.65
13300034,,,175.55
13300038,,,308.89
13300043,,,294.47
13300090,vegas,,214.16
13300159,swisshome,,100.39
13300219,,,84.40
13300221,,,147.21
13300554,sonel,,140.54
13300730,askona,,337.44
13300827,casper,,115.06
13300830,casper,,166.03
13400031,,,161.14
13400422,,,99.87
13400614,,,131.53
13400917,,,52.23
13500066,,furniture.bedroom.bed,66.90
13500073,,furniture.bedroom.bed,46.59
13500187,,furniture.bedroom.bed,33.46
13500300,,furniture.bedroom.bed,31.38
13500336,,furniture.bedroom.bed,102.94
13600068,cersanit,furniture.bathroom.bath,111.46
13600112,,furniture.bathroom.bath,133.17
13600340,,furniture.bathroom.bath,70.27
13700160,erlit,,201.02
13700161,erlit,,203.18
13700195,erlit,,301.50
13700230,erlit,,220.31
13700233,erlit,,174.44
13800437,colombo,furniture.bathroom.toilet,38.35
13900280,rossinka,construction.components.faucet,28.39
13901042,,construction.components.faucet,25.64
14000533,laufen,,1113.07
14100123,yamaha,electronics.audio.acoustic,116.86
14300017,cortland,electronics.audio.music_tools.piano,84.94
14300019,cortland,electronics.audio.music_tools.piano,132.10
14300068,yamaha,electronics.audio.music_tools.piano,236.27
14300088,yamaha,electronics.audio.music_tools.piano,159.82
14300262,alesis,,317.13
14300304,kawai,,923.42
14400001,samsung,,41.16
14400016,hoco,,15.42
14400024,xiaomi,,21.85
14400029,rapid,,15.42
14400051,axper,,38.33
14700024,brw,furniture.living_room.cabinet,316.10
14700086,,furniture.living_room.cabinet,84.92
14700087,sv,furniture.living_room.cabinet,334.60
14700100,sv,furniture.living_room.cabinet,411.59
14700105,,furniture.living_room.cabinet,385.85
14700126,sv,furniture.living_room.cabinet,287.01
14700133,brw,furniture.living_room.cabinet,487.79
14700136,brw,furniture.living_room.cabinet,428.58
14700139,,furniture.living_room.cabinet,244.02
14700159,brw,furniture.living_room.cabinet,227.03
14700167,brw,furniture.living_room.cabinet,348.01
14700205,sv,furniture.living_room.cabinet,385.85
14700232,,furniture.living_room.cabinet,406.68
14700372,,furniture.living_room.cabinet,658.94
14700376,permanence,furniture.living_room.cabinet,988.42
14700405,,furniture.living_room.cabinet,189.17
14700531,,furniture.living_room.cabinet,236.53
14700575,,furniture.living_room.cabinet,385.85
14700583,,furniture.living_room.cabinet,236.53
14700602,sv,furniture.living_room.cabinet,165.00
14700676,,furniture.living_room.cabinet,344.15
14700696,,furniture.living_room.cabinet,360.11
14700716,,furniture.living_room.cabinet,159.05
14700775,,furniture.living_room.cabinet,189.17
14701030,,furniture.living_room.cabinet,147.49
14701074,,furniture.living_room.cabinet,385.85
14701097,,furniture.living_room.cabinet,160.85
14701162,,furniture.living_room.cabinet,411.85
14701163,,furniture.living_room.cabinet,427.30
14701180,,furniture.living_room.cabinet,1158.33
14701243,sv,furniture.living_room.cabinet,164.23
14701260,,furniture.living_room.cabinet,174.78
14701262,,furniture.living_room.cabinet,373.24
14701435,,furniture.living_room.cabinet,205.90
14701532,,furniture.living_room.cabinet,154.42
14701533,,furniture.living_room.cabinet,154.42
14701578,,furniture.living_room.cabinet,1119.69
14701857,,furniture.living_room.cabinet,100.62
14701895,,furniture.living_room.cabinet,37.81
14701915,pinskdrev,furniture.living_room.cabinet,383.51
15100002,sv,,874.93
15100003,sv,,874.93
15100008,bts,,488.79
15100009,,,321.73
15100020,,,1656.41
15100026,,,898.32
15100034,,,282.89
15100039,ostamebel,,746.48
15100043,,,723.21
15100046,,,1433.40
15100047,,,1291.85
15100048,,,1577.75
15100053,,,1541.35
15100072,imperial,,669.23
15100088,,,1016.76
15100094,,,1374.42
15100095,sv,,1029.37
15100106,imperial,,669.23
15100110,,,849.19
15100122,,,1747.77
15100132,,,312.98
15100143,,,2046.38
15100145,lider,,345.93
15100148,lider,,378.36
15100163,imperial,,669.23
15100189,,,1439.16
15100202,,,215.42
15100212,,,1541.35
15100223,,,729.49
15100224,,,750.34
15100226,,,736.96
15100227,,,724.09
15100228,,,582.25
15100230,,,835.29
15100231,,,1398.75
15100252,,,1335.43
15100265,,,1029.63
15100288,,,656.39
15100297,,,275.17
15100310,,,411.59
15100335,,,1508.28
15100337,,,257.15
15100350,,,321.73
15100362,,,302.20
15100367,,,499.11
15100371,sv,,308.63
15100376,bts,,591.75
15100377,,,314.27
15100378,lider,,445.03
15100382,helvetia,,1188.68
15100383,,,370.13
15100388,imperial,,936.96
15100403,lider,,461.76
15100404,brw,,1165.28
15100418,imperial,,625.50
15100430,stendmebel,,431.13
15200009,varta,,123.40
15200111,westa,,82.22
15200141,bars,,98.67
15200192,gigawatt,,84.43
15200413,varta,,87.18
15200482,deta,,103.61
15200530,westa,,61.78
15200565,hyper,,54.06
15200566,w-star,,51.48
15200567,t-rex,,46.16
15200783,genesis,,51.48
15200802,varta,,86.93
15200817,varta,,134.70
15200917,sheyk,,73.19
15201051,voltman,,70.79
15400069,intex,,74.65
15400100,bestway,,49.86
15400217,bestway,,39.10
15400263,intex,,23.17
15600022,,,424.70
15600023,,,353.93
15600036,,,326.13
15700000,bts,,388.14
15700008,,,126.10
15700011,sv,,231.41
15700013,,,405.13
15700018,,,92.64
15700019,,,334.37
15700031,,,198.18
15700033,,,197.95
15700041,,,252.00
15700045,brw,,252.52
15700074,,,220.06
15700075,,,211.85
15700104,,,211.85
15700137,,,257.15
15700146,,,83.37
15700165,imperial,,312.21
15700176,bts,,231.64
15700187,,,77.97
15700204,sv,,257.15
15700206,bts,,105.77
15800006,karcher,,120.83
15800070,huter,,67.22
15800105,huter,,67.16
15800155,denzel,,76.45
15800179,magnetta,,59.80
15900058,tefal,,20.57
15900065,rondell,,30.86
15900117,tefal,,38.59
15900118,tefal,,19.28
15900191,tefal,,39.87
15900952,inhouse,,25.71
15901671,,,20.59
15901906,dauscher,,12.05
16000001,rondell,,54.03
16000004,rondell,,43.73
16000008,rondell,,28.29
16000011,rondell,,54.03
16000023,rondell,,41.16
16000087,maestro,,41.16
16000259,berghoff,,71.87
16000305,rondell,,77.19
16000546,gipfel,,27.46
16000850,agness,,18.02
16001168,rondell,,51.46
16100029,rondell,,76.96
16100032,rondell,,77.20
16100492,gipfel,,49.58
16100699,rondell,,41.11
16100765,,,25.74
16100790,vinzer,,92.36
16100825,,,10.18
16100859,gipfel,,58.34
16100863,gipfel,,9.44
16100876,,,18.53
16400020,tefal,,92.64
16500000,omron,,91.35
16500007,omron,,62.52
16600089,rivertoys,,123.56
16600172,,,223.94
16600209,adil,,114.55
16700016,,furniture.kitchen.chair,51.46
16700024,,furniture.kitchen.chair,12.84
16700057,domini,furniture.kitchen.chair,97.81
16700076,domini,furniture.kitchen.chair,77.22
16700154,,furniture.kitchen.chair,535.38
16700206,,furniture.kitchen.chair,108.09
16700235,,furniture.kitchen.chair,41.16
16700255,,furniture.kitchen.chair,13.10
16700260,,furniture.kitchen.chair,31.64
16700262,,furniture.kitchen.chair,14.90
16700301,,furniture.kitchen.chair,82.34
16700384,,furniture.kitchen.chair,36.78
16700584,barneo,furniture.kitchen.chair,33.21
16700656,domini,furniture.kitchen.chair,30.89
16700690,mamadoma,furniture.kitchen.chair,34.75
16700794,fly,furniture.kitchen.chair,17.25
16700826,nika,furniture.kitchen.chair,47.77
16700845,zeta,furniture.kitchen.chair,16.96
16700960,zeta,furniture.kitchen.chair,6.41
16800026,bts,furniture.kitchen.table,45.02
16800027,bts,furniture.kitchen.table,51.22
16800032,bts,furniture.kitchen.table,45.02
16800036,bts,furniture.kitchen.table,77.74
16800038,bts,furniture.kitchen.table,105.54
16800179,,furniture.kitchen.table,153.16
16800186,,furniture.kitchen.table,347.50
16800228,,furniture.kitchen.table,48.65
16800229,,furniture.kitchen.table,51.22
16800233,,furniture.kitchen.table,48.65
16800237,domini,furniture.kitchen.table,283.15
16800246,domini,furniture.kitchen.table,283.15
16800286,domini,furniture.kitchen.table,283.15
16800324,mamadoma,furniture.kitchen.table,215.71
16800343,,furniture.kitchen.table,255.61
16800566,,furniture.kitchen.table,67.44
16800587,komfort-s,furniture.kitchen.table,39.36
16800592,komfort-s,furniture.kitchen.table,39.36
16800593,imperial,furniture.kitchen.table,109.63
16900083,brw,furniture.kitchen.table,207.21
16900119,,furniture.kitchen.table,57.38
17000107,sv,computers.desktop,195.35
17100025,sv,,48.14
17100037,brw,,60.23
17100047,,,39.90
17100051,,,66.15
17100132,,,898.32
17100400,bts,,39.61
17200010,,furniture.living_room.sofa,962.44
17200218,,furniture.living_room.sofa,568.84
17200228,,furniture.living_room.sofa,543.10
17200229,,furniture.living_room.sofa,890.60
17200396,,furniture.living_room.sofa,254.81
17200403,,furniture.living_room.sofa,285.70
17200441,,furniture.living_room.sofa,512.21
17200445,,furniture.living_room.sofa,512.21
17200481,,furniture.living_room.sofa,592.01
17200502,,furniture.living_room.sofa,543.10
17200503,,furniture.living_room.sofa,831.40
17200552,,furniture.living_room.sofa,257.15
17200558,,furniture.living_room.sofa,591.78
17200570,,furniture.living_room.sofa,437.33
17200651,,furniture.living_room.sofa,437.33
17200691,,furniture.living_room.sofa,543.10
17200699,,furniture.living_room.sofa,591.78
17200722,rals,furniture.living_room.sofa,283.05
17200726,rals,furniture.living_room.sofa,811.66
17200728,rals,furniture.living_room.sofa,774.44
17200729,rals,furniture.living_room.sofa,860.85
17200823,silva,furniture.living_room.sofa,743.91
17200829,,furniture.living_room.sofa,591.78
17200881,,furniture.living_room.sofa,1258.69
17200912,aero,furniture.living_room.sofa,411.85
17200934,,furniture.living_room.sofa,849.19
17200962,komfort-s,furniture.living_room.sofa,349.28
17200971,komfort-s,furniture.living_room.sofa,352.11
17200987,nik,furniture.living_room.sofa,831.40
17300016,trussardi,,55.33
17300072,trussardi,,61.75
17300136,montale,,69.50
17300352,,,110.67
17300355,creed,,216.22
17300435,,,397.54
17300555,dior,,81.60
17300705,lanvin,,56.14
17300768,,,54.41
17300817,,,27.87
17300949,creed,,315.04
17301026,trussardi,,59.13
17301034,,,276.20
17301124,dior,,164.98
17301127,,,55.94
17301129,,,87.00
17301421,givenchy,,77.22
17301457,givenchy,,72.60
17301495,chanel,,171.17
17301611,,,47.32
17301653,lacoste,,42.51
17301725,,,14.47
17301896,,,84.94
17301897,candy,,87.08
17302401,,,315.16
17302664,creed,,28.31
17302764,,,390.12
17302789,givenchy,,59.57
17500129,,,83.66
17500130,,,45.68
17500157,pupa,,9.80
17500557,bourjois,,7.55
17500616,,,14.61
17501048,eveline,,7.59
17501050,eveline,,7.59
17601982,evelinecosmetics,,7.34
17700886,nivea,,6.86
17800128,,computers.desktop,51.46
17800131,,computers.desktop,51.46
17800132,,computers.desktop,51.46
17800385,,computers.desktop,15.42
17900047,huter,construction.tools.generator,96.81
17900201,denzel,construction.tools.generator,110.25
18000077,samsung,,2.55
18000622,iwalk,,10.37
18000728,a-case,,4.09
18000890,apple,,198.18
18000904,apple,,74.62
18000959,samsung,,5.12
18000962,samsung,,13.87
18001325,samsung,,15.42
18001339,samsung,,3.84
18001535,a-case,,10.27
18001555,a-case,,7.70
18100009,tarkett,,24.63
18100018,tarkett,,9.24
18100021,tarkett,,19.25
18100030,tarkett,,17.49
18100040,tarkett,,23.95
18100041,rezult,,15.64
18100042,rezult,,15.57
18100047,rezult,,15.62
18100090,kronospan,,15.16
18200005,lg,electronics.audio.acoustic,131.76
18300145,acer,accessories.bag,12.07
18300992,apple,accessories.bag,30.07
18400208,pride,,211.07
18600001,,,597.08
18600002,sv,,367.83
18600003,sv,,411.59
18600034,,,730.91
18600043,,,202.32
18600057,brw,,643.26
18700068,,,212.33
18700070,sv,,308.89
19100075,,construction.tools.saw,120.47
19200005,huter,construction.tools.saw,87.52
19200007,bosch,construction.tools.saw,97.52
19200010,huter,construction.tools.saw,80.43
19200039,eurolux,construction.tools.saw,65.10
19200209,edon,construction.tools.saw,35.52
19400021,bosch,,513.51
19700110,nestogen,,5.15
19800025,gerber,,1.10
19800042,gerber,,1.06
20100098,nika,,32.43
20100138,stiga,,59.72
20200404,burton,sport.snowboard,360.11
20200405,ride,sport.snowboard,257.15
20900026,xiaomi,,132.82
20900070,xiaomi,,81.86
20900780,sacvoyage,,88.72
21100212,bestway,,45.22
21100355,nike,,72.05
21400098,casio,electronics.clocks,379.42
21400135,casio,electronics.clocks,165.26
21400588,orient,electronics.clocks,61.52
21400996,casio,electronics.clocks,79.54
21401210,casio,electronics.clocks,52.20
21401211,casio,electronics.clocks,77.63
21402653,,electronics.clocks,26.77
21402913,casio,electronics.clocks,17.50
21404275,casio,electronics.clocks,15.19
21404277,casio,electronics.clocks,24.45
21404472,orient,electronics.clocks,66.67
21404528,casio,electronics.clocks,26.51
21405232,armani,electronics.clocks,270.79
21405259,armani,electronics.clocks,293.44
21406259,citizen,electronics.clocks,72.59
21406791,,electronics.clocks,1132.59
21406858,tissot,electronics.clocks,1889.37
21406860,tissot,electronics.clocks,1019.33
21406912,tissot,electronics.clocks,854.59
21406939,tissot,electronics.clocks,895.78
21407062,longines,electronics.clocks,1935.70
21407128,tissot,electronics.clocks,380.96
21407399,tissot,electronics.clocks,947.26
21407620,,electronics.clocks,135.65
21408165,,electronics.clocks,2574.07
21408240,tissot,electronics.clocks,861.28
21408654,,electronics.clocks,216.74
21409279,casio,electronics.clocks,45.82
21410282,adriatica,electronics.clocks,137.20
21410847,adriatica,electronics.clocks,148.27
21410901,swatch,electronics.clocks,107.08
21410918,,electronics.clocks,308.12
21411795,tissot,electronics.clocks,1353.45
21411808,tissot,electronics.clocks,1050.22
21800017,,computers.peripherals.mouse,6.44
21800090,x-game,computers.peripherals.mouse,1.52
21800268,acme,computers.peripherals.mouse,2.03
22000052,naturehike,,218.28
22000074,naturehike,,97.81
22000075,bestway,,60.23
22000168,,,167.29
22000202,,,54.29
22000218,,,70.79
22000226,tuka,,38.61
22000244,norfin,,77.20
22000246,norfin,,102.94
22000251,holiday,,97.79
22000297,,,78.77
22000302,,,80.31
22000306,holiday,,29.34
22100059,,,146.70
22100102,outwell,,59.98
22300003,xiaomi,,71.09
22500047,mart,,17.73
22700004,cablexpert,,11.89
22700007,kolner,,25.48
22700024,yato,,177.12
22700045,total,,30.86
22700048,total,,64.33
22700062,aeroforce,,217.25
22700067,force,,83.91
22700068,force,,100.39
22700069,force,,38.61
22700076,stels,,37.32
22700084,force,,244.28
22700094,,,89.32
22700103,yato,,10.88
22700104,yato,,39.30
22700127,stels,,105.53
22700128,stels,,65.90
22700129,stels,,75.94
22700131,stels,,79.80
22700190,,,89.84
22700193,stels,,83.66
22700202,stels,,182.76
22700205,matrix,,23.14
22700206,stels,,10.04
22700208,stels,,83.66
22700247,total,,7.70
22700286,stanley,,17.00
22700323,bosch,,20.46
22700324,bosch,,20.77
22700325,force,,102.71
22700335,,,43.24
22700384,kolner,,14.67
22700413,stanley,,34.13
22700422,force,,102.45
22700434,bosch,,11.45
22700448,,,60.49
22700512,,,38.59
22700527,force,,73.87
22700528,force,,100.39
22700541,,,14.16
22700545,startul,,12.00
22700565,,,98.29
22700667,bosch,,24.89
22700680,bosch,,7.16
22700799,partner,,119.69
22700853,,,173.97
22700854,,,94.16
22700869,bosch,,4.76
22900004,vegas,furniture.bedroom.pillow,55.34
23000069,shell,,25.48
23000117,mobil,,38.61
23000119,mobil,,38.61
23000161,bardahl,,23.17
23000169,gazpromneft,,11.58
23000192,toyota,,39.90
23000243,motul,,48.91
23000521,,,15.44
23100018,,,849.01
23100023,,,540.12
23100028,,,849.01
23301113,,,36.04
23301504,,,22.91
23301568,wenge,,30.63
23800052,askona,,149.38
23800054,askona,,120.47
24400436,kirkland,,10.17
24400437,kirkland,,28.19
24900193,,,1.09
25200100,xiaomi,,4.35
25200394,preciosa,,479.95
25300505,,,9.50
25504162,febest,,38.85
25600014,,,92.64
25600040,mart,,128.68
25600048,elenberg,,118.38
25600085,brw,,134.37
25600093,,,66.93
25600234,imperial,,46.31
25600250,,,16.96
26000317,,,8.73
26000357,,,11.60
26001187,,,5.21
26006199,,,15.10
26011029,,,5.45
26011796,,,5.86
26012925,,,8.55
26013714,,,24.15
26013738,,,15.15
26016594,,,9.03
26017463,,,5.02
26017468,,,7.36
26017668,,,6.95
26019863,,,11.79
26019952,,,9.37
26021372,,,8.28
26021899,,,18.22
26022534,,,7.07
26023704,,,10.53
26024233,,,6.46
26024396,,,16.73
26024737,,,9.91
26026161,,,6.44
26026911,machaon,,4.88
26026982,,,6.04
26027235,,,6.46
26100002,sulu,,51.48
26100003,sulu,,77.22
26200039,,,110.68
26200076,,,160.11
26200090,,,209.79
26200141,,,176.32
26200291,,,108.88
26200298,,,158.82
26200396,,,492.16
26200591,,,203.35
26200594,,,226.78
26201146,lucente,,248.91
26201254,lucente,,124.84
26201295,lucente,,106.05
26201934,,,107.08
26202701,,,101.42
26203735,lucente,,148.52
26204069,,,268.99
26204072,,,277.23
26204088,,,242.22
26205448,sokolov,,147.62
26300078,lucente,,316.10
26300081,lucente,,437.85
26300085,lucente,,554.97
26300086,lucente,,241.71
26300095,lucente,,620.87
26300181,trollbeads,,294.47
26300189,lucente,,351.10
26300190,lucente,,380.96
26300620,,,238.10
26300686,,,294.01
26300726,,,427.05
26300729,,,302.41
26300739,lucente,,510.70
26400178,,,156.76
26400180,,,261.53
26400193,,,253.55
26400194,,,250.46
26400195,,,193.83
26400196,,,404.13
26400216,,,229.35
26400219,,,251.49
26400250,,,149.55
26400251,,,170.66
26400266,lucente,,119.18
26400273,lucente,,224.46
26400277,lucente,,143.38
26400279,lucente,,312.49
26400281,lucente,,191.77
26400292,lucente,,185.85
26400313,lucente,,352.65
26400314,lucente,,342.09
26400335,lucente,,246.08
26400381,,,170.40
26400386,,,54.57
26400393,,,50.97
26400511,,,277.48
26400533,,,325.62
26400585,lucente,,248.66
26400594,,,208.24
26400604,,,276.97
26400606,,,152.90
26400625,,,316.61
26400629,,,305.80
26400639,,,265.13
26400650,lucente,,317.13
26400678,lucente,,287.78
26400760,,,350.85
26400965,,,152.90
26401045,,,145.18
26401046,,,129.22
26401414,lucente,,59.72
26401458,lucente,,105.54
26401572,,,129.99
26401575,,,268.99
26401582,,,303.74
26401583,,,164.23
26401594,,,242.99
26401599,,,236.81
26401669,lucente,,109.66
26402180,,,112.74
26402193,,,167.06
26402195,,,211.33
26402378,sokolov,,97.34
26402792,lucente,,258.95
26402912,,,634.13
26402918,,,1197.73
26402948,,,428.85
26403194,lucente,,342.61
26403281,,,142.86
26403320,,,328.97
26403321,,,247.37
26403348,,,84.43
26403394,,,51.22
26403405,,,72.07
26403417,,,64.87
26403418,,,123.81
26403466,,,66.93
26403487,,,219.57
26403493,,,316.35
26403500,,,211.07
26403635,,,489.79
26403654,sokolov,,20.59
26403695,,,101.93
26403732,lucente,,55.86
26403809,sokolov,,54.83
26404402,lucente,,49.68
26404404,lucente,,141.06
26404450,,,169.63
26404595,,,248.14
26404599,,,265.39
26404602,,,135.14
26404610,,,97.56
26404638,,,61.78
26404652,,,154.19
26404664,,,102.96
26404669,,,152.90
26404678,,,121.75
26404683,,,185.85
26405021,sokolov,,49.42
26405115,sokolov,,200.26
26405116,sokolov,,209.83
26500120,lucente,,94.73
26500139,lucente,,167.57
26500318,lucente,,25.48
26500570,lucente,,131.28
26600077,lucente,,48.39
26600463,lucente,,22.65
26600715,trollbeads,,60.23
26601194,merelani,,11.33
26800025,hygge,,574.02
26800026,hygge,,625.50
26800031,genau,,308.61
26800053,xiaomi,,592.03
27000002,housefit,sport.trainer,512.24
27000006,housefit,sport.trainer,254.83
27000015,housefit,sport.trainer,540.55
27201540,ray-ban,,260.50
27400066,,,8.55
27500000,redmond,,56.22
27500001,maxwell,,31.90
27500003,tristar,,41.42
27500009,kelli,,36.54
27700710,,construction.tools.pump,105.51
27700714,magnetta,construction.tools.pump,105.09
27700730,huter,construction.tools.pump,91.35
27800054,,,119.69
27800061,,,118.41
27800227,romana,,82.37
27900034,,,36.04
27900069,,,21.88
28000018,,,58.69
28000019,,,48.14
28100012,kartal,,360.37
28100123,,,105.02
28100322,kovroff,,4.45
28100347,karat,,8.66
28100694,balta,,52.00
28100811,,,44.27
28100894,,,28.19
28101000,,,86.75
28101002,,,99.10
28101290,confetti,,7.72
28101332,balta,,27.54
28101333,balta,,22.65
28101390,balta,,12.36
28101851,karat,,49.77
28101879,karat,,81.86
28101919,karat,,81.86
28101977,karat,,28.31
28102417,,,132.79
28102492,royal,,45.17
28300068,picard,accessories.wallet,63.06
28300310,,accessories.wallet,166.28
28300398,petek,accessories.wallet,49.42
28300406,petek,accessories.wallet,43.24
28300491,petek,accessories.wallet,55.60
28300516,petek,accessories.wallet,77.22
28300519,petek,accessories.wallet,73.10
28300531,petek,accessories.wallet,66.93
28300575,petek,accessories.wallet,96.78
28300576,petek,accessories.wallet,76.19
28300634,petek,accessories.wallet,73.10
28300636,petek,accessories.wallet,90.61
28300644,petek,accessories.wallet,115.32
28300647,petek,accessories.wallet,91.64
28300674,petek,accessories.wallet,55.60
28300754,picard,accessories.wallet,66.93
28300815,picard,accessories.wallet,63.06
28300821,picard,accessories.wallet,100.39
28400769,baden,accessories.bag,76.96
28400882,,accessories.bag,44.79
28400978,,accessories.bag,44.79
28401200,karya,accessories.bag,74.65
28600032,,,265.10
28600033,,,198.18
28702502,spur,apparel.shoes.keds,35.78
28703613,reebok,apparel.shoes.keds,118.15
28704058,nike,apparel.shoes.keds,92.46
28704120,nike,apparel.shoes.keds,61.57
28704135,nike,apparel.shoes.keds,159.33
28704386,asics,apparel.shoes.keds,51.48
28704391,asics,apparel.shoes.keds,51.48
28704581,etor,apparel.shoes,100.39
28704600,etor,apparel.shoes,100.39
28704659,etor,apparel.shoes,100.39
28704790,greyder,apparel.shoes.ballet_shoes,38.61
28704905,respect,apparel.shoes,51.22
28704938,respect,apparel.shoes.ballet_shoes,38.35
28705100,respect,apparel.shoes.ballet_shoes,28.06
28707877,respect,apparel.shoes.ballet_shoes,19.31
28707967,,apparel.shoes.ballet_shoes,13.90
28707968,,apparel.shoes.ballet_shoes,13.90
28709074,respect,apparel.shoes.ballet_shoes,28.83
28709197,respect,apparel.shoes.ballet_shoes,22.65
28709559,spur,apparel.shoes.ballet_shoes,16.99
28710318,respect,apparel.shoes,25.48
28712327,baden,apparel.shoes,64.61
28712351,millionaire,apparel.shoes.keds,61.52
28712566,respect,apparel.shoes,89.84
28713655,catunltd,apparel.shoes.keds,64.87
28713860,nike,apparel.shoes.keds,61.57
28713988,caprice,apparel.shoes.ballet_shoes,42.47
28713989,caprice,apparel.shoes.ballet_shoes,42.47
28714089,,apparel.shoes.keds,159.33
28714187,greyder,apparel.shoes,87.52
28714314,nike,apparel.shoes.keds,107.85
28714350,nike,apparel.shoes.keds,100.39
28714367,adidas,apparel.shoes.keds,102.94
28714396,nike,apparel.shoes.keds,94.98
28714417,etor,apparel.shoes,100.39
28714418,etor,apparel.shoes,100.39
28714733,,apparel.shoes,38.35
28715110,strobbs,apparel.shoes.keds,25.74
28715623,peak,apparel.shoes.keds,82.34
28715699,puma,apparel.shoes.keds,94.98
28715773,nexpero,apparel.shoes,68.21
28715775,nexpero,apparel.shoes,68.21
28715777,nexpero,apparel.shoes,75.42
28715827,,apparel.shoes,62.81
28715829,,apparel.shoes,62.81
28715839,rooman,apparel.shoes,48.39
28715951,etor,apparel.shoes,108.11
28715953,etor,apparel.shoes,108.11
28715962,etor,apparel.shoes,100.39
28715999,fila,apparel.shoes.keds,97.79
28716220,respect,apparel.shoes.moccasins,64.61
28716418,respect,apparel.shoes,86.23
28716419,respect,apparel.shoes,86.23
28716423,respect,apparel.shoes,86.23
28716453,respect,apparel.shoes,86.23
28716456,respect,apparel.shoes,86.23
28716466,respect,apparel.shoes,86.23
28716499,respect,apparel.shoes,107.85
28716560,,apparel.shoes.keds,71.82
28716566,,apparel.shoes.keds,59.20
28716595,baden,apparel.shoes,53.80
28716660,respect,apparel.shoes.ballet_shoes,44.79
28716669,respect,apparel.shoes,68.21
28716714,,apparel.shoes.keds,62.81
28716715,,apparel.shoes.keds,62.81
28716721,,apparel.shoes,66.41
28716833,rieker,apparel.shoes,101.68
28716964,respect,apparel.shoes.keds,88.03
28716984,respect,apparel.shoes.keds,71.82
28717003,respect,apparel.shoes.keds,71.82
28717076,puma,apparel.shoes.keds,100.13
28717081,puma,apparel.shoes.keds,100.13
28717144,fassen,apparel.shoes.keds,44.79
28717145,fassen,apparel.shoes.keds,44.79
28717203,,apparel.shoes.keds,62.81
28717204,,apparel.shoes.keds,62.81
28717311,baden,apparel.shoes,50.19
28717382,,apparel.shoes.keds,35.78
28717385,,apparel.shoes.keds,35.78
28717484,,apparel.shoes,59.20
28717498,respect,apparel.shoes,64.61
28717697,,apparel.shoes,77.22
28717838,adidas,apparel.shoes.keds,128.45
28717850,,apparel.shoes,177.35
28717864,,apparel.shoes,122.27
28717895,,apparel.shoes,132.56
28717907,burgerschuhe,apparel.shoes,102.45
28717912,burgerschuhe,apparel.shoes,102.45
28717921,rieker,apparel.shoes,73.36
28718013,respect,apparel.shoes,62.81
28718018,respect,apparel.shoes,59.20
28718026,respect,apparel.shoes.keds,59.20
28718041,millionaire,apparel.shoes.keds,79.02
28718075,respect,apparel.shoes,66.41
28718083,respect,apparel.shoes.keds,39.38
28718089,respect,apparel.shoes.keds,39.38
28718096,respect,apparel.shoes.keds,44.79
28718125,respect,apparel.shoes,71.82
28718142,fassen,apparel.shoes,35.78
28718156,,apparel.shoes.keds,59.20
28718287,tamaris,apparel.shoes.keds,77.22
28718325,tamaris,apparel.shoes,89.84
28718348,respect,apparel.shoes,84.43
28718352,respect,apparel.shoes,84.43
28718444,strobbs,apparel.shoes.keds,64.61
28718445,strobbs,apparel.shoes.keds,64.61
28718453,strobbs,apparel.shoes.keds,64.61
28718469,strobbs,apparel.shoes.keds,64.61
28718612,respect,apparel.shoes,79.02
28718742,respect,apparel.shoes,102.45
28718748,respect,apparel.shoes,79.02
28718866,rieker,apparel.shoes,110.94
28718914,nexpero,apparel.shoes.keds,71.82
28718938,nexpero,apparel.shoes.keds,82.63
28719050,baden,apparel.shoes,66.41
28719072,baden,apparel.shoes.keds,71.82
28719133,,apparel.shoes,132.56
28719134,,apparel.shoes,132.56
28719135,,apparel.shoes,132.56
28719138,,apparel.shoes,132.56
28719156,salamander,apparel.shoes,127.42
28719169,salamander,apparel.shoes,137.71
28719185,,apparel.shoes,115.06
28719189,,apparel.shoes,115.06
28719214,,apparel.shoes,115.06
28719232,,apparel.shoes,106.82
28719253,rieker,apparel.shoes,99.10
28719264,rieker,apparel.shoes,119.69
28719272,rieker,apparel.shoes,73.36
28719296,fila,apparel.shoes.keds,95.32
28719470,fassen,apparel.shoes.keds,62.81
28719472,fassen,apparel.shoes.keds,62.81
28719496,respect,apparel.shoes,82.63
28719502,respect,apparel.shoes,82.63
28719507,respect,apparel.shoes,82.63
28719509,respect,apparel.shoes,82.63
28719513,respect,apparel.shoes,82.63
28719634,fassen,apparel.shoes.keds,44.79
28719653,respect,apparel.shoes,79.02
28719660,respect,apparel.shoes,82.63
28719808,betsy,apparel.shoes.ballet_shoes,43.99
28720355,nike,apparel.shoes.keds,145.41
28720365,,apparel.shoes,132.56
28720409,,apparel.shoes,104.76
28720655,respect,apparel.shoes,82.63
28720704,respect,,89.84
28720725,rooman,apparel.shoes,62.81
28720729,rieker,apparel.shoes,103.99
28720765,fly,apparel.shoes,89.58
28721442,anta,apparel.shoes.keds,84.92
28721461,adidas,apparel.shoes.keds,108.11
28721783,respect,apparel.shoes.keds,48.39
28721826,nike,apparel.shoes.keds,151.61
29000015,touchbeauty,,323.69
29000017,touchbeauty,,27.29
29100011,gezatone,appliances.personal.massager,30.12
29100027,gezatone,appliances.personal.massager,39.90
29100028,gezatone,appliances.personal.massager,81.34
29100044,vitek,appliances.personal.massager,43.98
29100051,smile,appliances.personal.massager,17.72
29100052,,appliances.personal.massager,59.17
29100053,,appliances.personal.massager,68.21
29100071,bradex,appliances.personal.massager,12.36
29100084,gezatone,appliances.personal.massager,39.90
29100090,masstone,appliances.personal.massager,13.90
29500016,,,34.88
29501135,,,16.35
29501514,,,22.14
29501705,bsn,,23.04
29501743,,,81.98
29501910,,,102.83
29501978,,,56.50
29502131,beyond,,18.53
29502282,,,69.37
29800009,,furniture.living_room.chair,169.86
29800029,,furniture.living_room.chair,169.86
29800247,komfort-s,furniture.living_room.chair,116.84
29900054,peda,,2557.59
29900058,,,1788.98
29900064,doohan,,1090.63
29900072,peda,,900.92
29900075,peda,,1467.22
29900109,racer,,823.70
30000003,huter,construction.tools.welding,126.64
30000048,,construction.tools.welding,118.90
30000051,huter,construction.tools.welding,87.24
30000054,,construction.tools.welding,100.36
30000093,fubag,construction.tools.welding,896.81
30000129,,construction.tools.welding,329.71
30000132,,construction.tools.welding,372.70
30000160,wert,construction.tools.welding,88.33
30000218,magnetta,construction.tools.welding,254.78
30000228,forza,construction.tools.welding,95.17
30000237,hyundai,construction.tools.welding,78.25
30000238,hyundai,construction.tools.welding,72.33
30100020,,,31.92
30100029,alteco,,28.80
30100041,,,23.40
30100082,hyundai,,28.29
30300029,,,898.32
30400011,carver,,390.74
30900009,deepcool,computers.components.cooler,14.81
30900127,deepcool,computers.components.cooler,9.83
30901098,aerocool,computers.components.cooler,3.32
31000152,humminbird,,733.61
31500157,luminarc,,51.46
31501000,,,147.52
31501013,,,547.43
31501043,luminarc,,110.66
31501124,,,172.44
31501161,luminarc,,102.71
31501163,luminarc,,128.45
31501171,luminarc,,57.66
31501183,luminarc,,108.11
31501214,luminarc,,90.06
31900001,,,56.11
31900036,,,37.87
31900067,onlitop,,244.74
32401171,,,23.94
32401172,,,23.94
32401181,,,21.96
32401186,,,16.86
32401188,,,20.39
32401191,,,18.74
32401217,,,27.03
32401924,,,15.57
32401973,,,18.84
32401986,,,22.32
32401997,,,12.60
32402026,,,16.47
32402048,,,18.53
32402055,,,15.44
32402125,,,9.88
32402245,,,13.39
32402259,,,19.69
32402261,,,19.69
32402268,,,10.72
32402275,,,23.68
32402276,,,23.68
32403406,elysium,,20.59
32403413,elysium,,8.24
32403453,elysium,,7.98
32403731,,,15.32
32601116,dam,,16.44
32800607,,,138.97
32900047,prologic,accessories.bag,15.05
32900064,fisherman,accessories.bag,48.43
34400004,leatherman,,183.79
34400007,leatherman,,80.31
34400024,gerber,,14.67
34600006,,,32.28
34600011,,,20.54
34600044,boyscout,,9.01
34600119,hycell,,20.57
34600226,energizer,,25.74
34800106,,,22.75
34800153,,,21.42
34800169,,,23.17
34800201,cantra,,39.90
34800323,carfashion,,29.60
34800409,carfashion,,54.21
34800435,carfashion,,43.24
34800453,carfashion,,45.05
34800573,carfashion,,65.64
34800580,carfashion,,28.31
34800602,carfashion,,66.67
34800615,carfashion,,62.55
35102505,milavitsa,apparel.underwear,35.25
35103661,milavitsa,apparel.underwear,30.15
35108915,milavitsa,apparel.underwear,33.35
35200017,milavitsa,apparel.underwear,9.00
35200189,milavitsa,apparel.underwear,18.56
35200208,milavitsa,apparel.underwear,18.56
35200632,obsessive,apparel.underwear,20.34
35600104,marmiton,,7.70
36600031,,,114.03
37900026,merelani,,105.54
37900120,vega,,17.37
38500325,eveline,,1.42
38800008,,,411.83
38800009,naturehike,,215.71
38800011,alpika,,231.67
38800017,,,180.18
38900002,,,183.27
38900011,,,40.93
38900019,,,100.39
38900026,,,56.60
38900044,,,87.49
38900048,brw,,77.20
38900105,,,339.75
39600000,intex,,74.65
39600002,,,386.11
39600004,,,321.76
39600006,intex,,128.70
39600007,bestway,,46.33
39600013,bestway,,85.51
39600014,intex,,30.89
39700015,,apparel.costume,136.43
39700019,,apparel.costume,136.43
39700096,,apparel.costume,136.43
39700115,,apparel.costume,136.43
39800110,dion,apparel.shirt,29.60
39900056,jordan,apparel.trousers,83.53
40200415,tarkett,,5.79
40200420,tarkett,,5.79
40200429,,,3.60
40500104,apple,,13.63
40500121,xiaomi,,1.29
40500123,xiaomi,,36.81
40500139,xiaomi,,12.36
40600067,xiaomi,,15.19
40700033,komfort-s,,43.73
40700034,komfort-s,,32.15
40800000,,,6.44
40900003,fubag,construction.tools.painting,13.00
40900007,fubag,construction.tools.painting,24.71
40900036,matrix,construction.tools.painting,17.48
40900071,stels,construction.tools.painting,52.12
41100011,,,69.47
41100013,,,100.36
41100033,brw,,72.07
41100050,brw,,84.69
41100053,,,94.96
41100055,,,38.07
41100058,,,50.43
41200011,artmusical,,386.11
41200013,artmusical,,123.56
41600018,garrett,,266.98
41600021,fisher,,356.38
41900000,,appliances.environment.vacuum,36.22
41900001,,appliances.environment.vacuum,80.21
42000006,pt-group,,218.80
42000007,pt-group,,218.80
42000012,pt-group,,193.06
42000013,pt-group,,193.06
42000026,thule,,1101.70
42000031,broomer,,414.43
42000032,broomer,,414.43
42200085,,,33.98
42200108,,,7.21
42200113,solomon,,92.67
42200148,,,20.59
42300003,,furniture.living_room.cabinet,185.33
42300010,,furniture.living_room.cabinet,284.95
42300019,,furniture.living_room.cabinet,143.89
42300030,,furniture.living_room.cabinet,257.15
42300057,,furniture.living_room.cabinet,293.70
42500010,,,185.33
42500017,brw,,406.96
42600246,zubr,,14.41
42700009,t-max,auto.accessories.winch,645.83
42900023,stanley,construction.tools.light,29.86
43000005,intex,construction.tools.pump,9.17
43200121,goodloot,apparel.tshirt,8.73
43300074,harley-davidson,apparel.tshirt,75.94
43300082,fila,apparel.tshirt,30.63
43300107,nike,apparel.tshirt,32.18
43900016,bosch,,596.30
43900026,dwt,,66.60
43900051,bosch,,48.71
43900090,,,59.18
44300009,,apparel.jeans,50.45
44300026,,apparel.jeans,46.08
44300043,,apparel.jeans,40.16
45100037,hausmann,,35.78
45200012,,,22.94
45200021,,,18.28
45200027,,,17.50
45500010,deepcool,computers.notebook,17.99
45600312,biomecanics,apparel.shoes,64.35
45601414,pablosky,apparel.shoes,65.38
45602174,garvalin,apparel.shoes,35.26
46800024,dometic,appliances.kitchen.refrigerators,1407.37
46800031,coolfort,appliances.kitchen.refrigerators,102.94
47000029,nikon,,101.16
47000052,canon,,1673.07
47000060,bresser,,312.68
47000079,canon,,648.14
47000082,canon,,1703.51
47000085,nikon,,197.95
47100010,polaris,,325.89
47300128,akvaton,,264.61
47300163,akvaton,,72.61
47300305,akvaton,,162.13
47300308,akvaton,,204.95
47300309,akvaton,,72.61
47800003,bosch,,67.45
47800028,matrix,,43.05
47800039,,,40.13
48200384,,apparel.dress,97.81
48200387,,apparel.dress,92.67
48200393,weekend,apparel.dress,550.85
48200446,conceptclub,apparel.dress,47.62
48200453,conceptclub,apparel.dress,37.32
48200468,annaanna,apparel.dress,46.33
48200469,annaanna,apparel.dress,46.33
48300031,,,31.91
48300047,silverlit,,25.23
48300051,silverlit,,18.96
48300054,silverlit,,32.09
48300057,hap-p-kid,,25.34
48300060,silverlit,,68.71
48300077,rastar,,14.61
48300082,rastar,,56.09
48300099,silverlit,,78.20
48500001,,,74.65
49200025,tomfarr,,117.63
49300092,tomfarr,,125.10
49400001,,,159.59
49400003,,,159.59
49400017,,,159.59
49400018,,,159.59
49400022,,,151.87
49400032,,,151.87
49400035,,,151.87
49800000,,accessories.bag,24.94
49800005,,accessories.bag,37.32
50600046,denzel,auto.accessories.compressor,157.28
50600085,laston,auto.accessories.compressor,113.93
51600002,,electronics.clocks,76.06
51800024,tomfarr,,121.75
51800030,tomfarr,,161.65
51800034,tomfarr,,144.15
51800036,tomfarr,,253.80
51800038,tomfarr,,152.64
51800041,tomfarr,,153.67
51800045,tomfarr,,204.38
51800146,fila,,159.33
51800154,conceptclub,,63.06
52000038,harley-davidson,,751.63
52000058,tomfarr,,127.42
52100000,nike,,88.78
52100001,nike,,88.78
52100005,nike,,86.21
52100019,tomfarr,,107.08
52100020,tomfarr,,102.71
52100022,tomfarr,,53.80
52900018,stanley,accessories.bag,12.82
53300006,perilla,,25.71
53300007,perilla,,30.86
53300008,perilla,,46.31
53300009,gimi,,23.14
53300012,perilla,,25.71
53300013,perilla,,41.16
53300014,perilla,,51.46
53300017,perilla,,54.03
53300025,perilla,,33.44
53300028,perilla,,38.59
53900010,ryobi,construction.tools.saw,63.16
53900011,ryobi,construction.tools.saw,110.07
53900024,dwt,construction.tools.saw,66.36
53900036,dwt,construction.tools.saw,48.35
53900039,graphite,construction.tools.saw,85.29
54900001,,apparel.costume,46.33
54900010,,apparel.costume,64.35
54900011,,apparel.costume,64.35
54900012,,apparel.costume,64.35
55000001,,apparel.costume,127.36
55000004,nike,apparel.costume,218.77
55000006,nike,apparel.costume,218.77
55000008,nike,apparel.costume,111.95
55000025,nike,apparel.costume,97.56
55000028,nike,apparel.costume,97.56
55600013,,,147.47
56200001,pt-group,,141.57
56200008,pt-group,,144.15
56300060,conceptclub,apparel.jumper,24.45
56300073,conceptclub,apparel.jumper,22.91
56300076,conceptclub,apparel.jumper,22.91
57100003,novline,,21.11
57100038,novline,,18.28
57100091,novline,,30.84
57300036,jordan,apparel.shirt,102.71
57300037,jordan,apparel.shirt,102.71
57800007,huter,,420.06
58000000,bts,,188.65
58300001,redmond,,51.46
58300012,redmond,,48.65
58900001,total,,15.06
58900003,zubr,,14.16
59000007,bosch,,47.88
60500001,resanta,construction.tools.welding,25.20
60500002,resanta,construction.tools.welding,42.19
